Date_Price;AAVEUSDT;ACMUSDT;ADAUSDT;ADXUSDT;AGLDUSDT;ALGOUSDT;ALICEUSDT;ALPACAUSDT;ALPHAUSDT;AMPUSDT;ANKRUSDT;ANTUSDT;ARDRUSDT;ARPAUSDT;ARUSDT;ASRUSDT;ATAUSDT;ATOMUSDT;AUCTIONUSDT;AUDIOUSDT;AVAXUSDT;AXSUSDT;BADGERUSDT;BALUSDT;BANDUSDT;BARUSDT;BATUSDT;BCHUSDT;BEAMUSDT;BELUSDT;BETAUSDT;BICOUSDT;BLZUSDT;BNBUPUSDT;BNBUSDT;BNTUSDT
01/01/2022;266,4;5,211;1,38;0,5729;1,705;1,7414;13,38;0,6264;0,6995;0,04964;0,10329;13,079;0,2294;0,09998;66,05;4,221;0,6607;36,36;24,57;1,65;114,13;94,1;15,82;18,73;5,183;8,94;1,256;444,8;0,5862;1,651;0,647;4,48;0,2208;543;527,3;3,345
02/01/2022;265,3;5,195;1,377;0,5799;1,828;1,6734;13,06;0,6085;0,6978;0,04897;0,11501;13,048;0,2741;0,10018;60,16;4,172;0,6783;35,53;24,46;1,647;113,03;96,38;15,42;19,63;5,28;8,85;1,2999;447,7;0,6011;1,667;0,68177;4,223;0,2258;552,62;531;3,396
03/01/2022;267,2;5,152;1,319;0,5798;1,718;1,7949;12,64;0,6186;0,7019;0,05239;0,11109;11,968;0,259;0,10028;59,83;4,152;0,6534;39,25;24,67;1,616;108,11;94,39;15,25;19,14;5,554;8,89;1,3017;434,7;0,5934;1,616;0,6345;3,892;0,2273;506,38;511,9;3,428
04/01/2022;252,1;5,107;1,309;0,5613;1,637;1,6725;13,65;0,6163;0,6981;0,04929;0,10986;11,041;0,2484;0,09915;62,75;4,112;0,6636;42,1;24,09;1,585;103,33;92,89;15,29;19,33;5,659;8,76;1,2825;427,1;0,5864;1,646;0,63164;3,92;0,2219;494,1;506,9;3,401
05/01/2022;230,3;4,727;1,23;0,5276;1,57;1,5554;12,23;0,566;0,6276;0,04682;0,10141;10,253;0,2292;0,09142;56,26;3,808;0,6149;38,66;22,86;1,457;97,42;80,22;14,08;17,54;6,243;8,19;1,1764;399,4;0,5339;1,465;0,57229;3,553;0,2064;411,33;474,1;3,297
06/01/2022;221;4,805;1,28;0,5223;1,644;1,5633;12,17;0,5598;0,6024;0,04607;0,1011;10,853;0,2293;0,0923;55,21;3,876;0,5895;40,08;22,55;1,458;95,11;79,02;13,33;17,71;5,836;8,21;1,1835;399,8;0,5256;1,42;0,54754;3,487;0,2048;407,17;472,6;3,238
07/01/2022;211,7;4,597;1,21;0,4953;1,546;1,4458;11,32;0,5023;0,5514;0,04338;0,09445;9,307;0,212;0,08557;49,56;3,811;0,5549;38,58;20,95;1,383;86,74;73,62;12,31;17,73;5,274;8,18;1,0768;385,7;0,497;1,306;0,4789;3,618;0,1872;348,62;448,1;3,117
08/01/2022;212,3;4,613;1,181;0,4875;1,45;1,385;10,84;0,492;0,5223;0,04356;0,09112;8,077;0,206;0,08124;47,63;3,657;0,5299;35,87;21,02;1,329;83,9;70,33;12,31;17,84;4,931;7,85;1,021;372,9;0,4691;1,23;0,45816;3,523;0,185;299,78;429,9;3,067
09/01/2022;209,5;4,617;1,17;0,4814;1,455;1,4004;11,01;0,4975;0,5454;0,04278;0,09214;8,214;0,2181;0,08325;50,38;3,77;0,5549;34,98;20,88;1,34;89,33;71,92;12,22;18,63;5,315;7,84;1,0339;376,8;0,4817;1,261;0,46921;3,66;0,1884;312,32;438,7;3,157
10/01/2022;199,9;4,513;1,123;0,4647;1,335;1,3623;10,19;0,4817;0,5118;0,042;0,08691;7,445;0,2276;0,07928;46,26;3,579;0,5284;37,86;20,09;1,293;84,36;68,38;11,84;17,29;5,032;7,57;0,9981;363,6;0,4525;1,188;0,4479;3,494;0,1744;291,51;424,7;3,133
11/01/2022;213,3;4,814;1,187;0,4826;1,352;1,446;10,86;0,4867;0,5409;0,04188;0,09137;8,3;0,2207;0,08247;48,27;3,818;0,5569;38,7;20,4;1,389;89,59;72,78;12,05;17,61;5,14;8;1,0567;369,8;0,4751;1,273;0,47644;3,563;0,1832;356,68;463,6;3,198
12/01/2022;218,5;5,032;1,312;0,4965;1,433;1,4991;11,51;0,5107;0,5944;0,04279;0,09727;9,439;0,226;0,08734;52,01;3,922;0,5801;40,22;20,94;1,489;95,94;78,21;12,69;17,92;5,633;8,19;1,1154;383,8;0,4912;1,363;0,50983;3,745;0,1956;391,93;487,8;3,277
13/01/2022;209,3;4,788;1,233;0,493;1,371;1,3615;10,66;0,4812;0,5631;0,04062;0,09204;8,486;0,2289;0,08271;49,49;3,783;0,5419;37,6;19,8;1,39;89,65;73,06;12,11;17,26;5,855;7,92;1,0383;377,5;0,4607;1,301;0,45906;3,708;0,1855;376,35;475,2;3,128
14/01/2022;223,9;4,867;1,292;0,4967;1,381;1,3817;10,82;0,4981;0,5623;0,04113;0,09348;8,417;0,23;0,08631;50,29;3,845;0,5588;40,42;20,28;1,434;90,39;73,67;12,54;17,28;5,704;7,91;1,0562;385,6;0,47;1,308;0,46892;3,621;0,1843;396,34;490;3,192
15/01/2022;238,4;4,944;1,291;0,5029;1,388;1,3785;11,14;0,4883;0,5865;0,04143;0,0929;8,227;0,2306;0,08673;49,75;3,846;0,5664;39,12;20,59;1,437;92,98;75,37;12,6;17,55;5,693;8,02;1,0626;390,6;0,4717;1,324;0,47221;3,54;0,1861;408,79;494,5;3,189
16/01/2022;242,5;4,928;1,41;0,4936;1,384;1,429;11,3;0,5053;0,576;0,0412;0,09256;8,065;0,2328;0,08571;49,35;3,89;0,5751;43,65;20,69;1,454;92,24;80,26;14,4;17,36;5,68;7,97;1,0565;388,1;0,4677;1,346;0,46823;3,817;0,1853;417,56;498,6;3,194
17/01/2022;226,6;4,984;1,603;0,4715;1,35;1,3413;10,51;0,4819;0,5447;0,04013;0,0889;7,448;0,2227;0,08243;47,53;3,798;0,5356;39,13;19,42;1,328;86,67;76,46;13,13;16,04;5,299;7,77;1,0141;380,6;0,4488;1,246;0,48101;3,532;0,1767;377,36;475,2;3,065
18/01/2022;232,4;4,936;1,458;0,4702;1,281;1,3169;10,3;0,4573;0,5394;0,03882;0,08831;7,351;0,2179;0,08088;44,4;3,727;0,5325;38,24;19,55;1,311;86;73,81;14,62;15,9;5,056;7,79;1,0052;381,4;0,4431;1,273;0,645;3,542;0,1792;367;471,4;3,009
19/01/2022;210,2;4,793;1,337;0,4608;1,165;1,2655;10,09;0,4494;0,5168;0,03716;0,08457;6,632;0,2125;0,07738;42,02;3,627;0,5194;37,02;19,04;1,255;82,61;71,81;15,95;15,36;4,904;7,67;0,9546;368,9;0,4388;1,222;0,57121;3,336;0,1686;353,94;461,9;2,91
20/01/2022;198,4;4,731;1,259;0,4509;1,112;1,1616;9,58;0,4225;0,4931;0,03531;0,08162;6,702;0,206;0,07367;39,95;3,583;0,4849;38,98;18,4;1,192;79,33;69,08;15,66;14,69;4,672;7,38;0,9086;357,5;0,4114;1,143;0,6046;3,068;0,1693;307,88;440,2;2,798
21/01/2022;171;4,12;1,12;0,4159;0,966;1,0307;7,95;0,3103;0,425;0,03029;0,07276;5,291;0,1805;0,06185;32,31;3,168;0,4206;34,61;15,48;1,002;66,06;58,32;12,27;12,82;3,96;6,31;0,809;314,9;0,3383;0,984;0,6442;2,449;0,138;220,85;383,9;2,461
22/01/2022;146,9;3,665;1,071;0,4319;0,899;0,9514;6,88;0,3012;0,3968;0,0298;0,06259;4,495;0,1628;0,05439;31,12;2,804;0,3874;29,24;13,25;0,887;59,78;50,17;10,48;11,77;3,493;5,63;0,7176;291,8;0,3137;0,87;0,45374;2,087;0,1211;186,74;358,3;2,336
23/01/2022;158,4;3,844;1,124;0,4133;0,845;0,989;6,86;0,3117;0,4097;0,02906;0,06501;4,717;0,169;0,05744;34,28;2,945;0,3946;34,61;14;0,938;64,83;54,72;10,77;12,09;3,582;5,92;0,7607;302,5;0,323;0,881;0,42961;2,231;0,1247;214,98;383,9;2,409
24/01/2022;152,5;3,711;1,065;0,4058;0,792;0,9125;6,51;0,3269;0,3815;0,02731;0,06253;5,275;0,1618;0,05571;33,27;2,941;0,3739;36,02;12,84;0,847;63,06;51,2;9,34;11,83;3,354;5,5;0,7499;292,3;0,3121;0,82;0,37295;2,023;0,1197;198,36;371,3;2,327
25/01/2022;151,8;3,801;1,043;0,4142;0,812;0,9224;6,55;0,3704;0,3977;0,02889;0,06358;5,065;0,1673;0,05665;32,71;2,907;0,3912;35,87;13,1;0,863;68,01;50,81;9,44;12,06;3,501;5,59;0,7942;291,6;0,3116;0,852;0,38651;1,935;0,1208;220,16;385,1;2,322
26/01/2022;146,5;3,788;1,077;0,4092;0,792;0,9231;6,7;0,3581;0,3905;0,02989;0,06865;4,922;0,1684;0,06465;30,2;2,887;0,3797;32,36;13,04;0,88;65,87;49,54;9,19;11,68;3,442;5,62;0,8089;289,1;0,3092;0,856;0,37493;1,903;0,1221;205,76;375,1;2,32
27/01/2022;144,5;3,89;1,042;0,4041;0,801;0,9361;6,61;0,3427;0,3725;0,02906;0,07173;5,288;0,1701;0,06494;30,34;2,955;0,3811;30,06;13,97;0,849;64,7;47,29;9,05;11,49;3,38;5,84;0,8357;289,6;0,306;0,861;0,38264;1,947;0,1199;216,67;389,9;2,319
28/01/2022;149;3,923;1,048;0,4105;0,853;0,9584;6,83;0,3504;0,3771;0,03025;0,0721;5,276;0,1751;0,06295;31,72;3,011;0,3984;29,47;14,21;0,885;67,01;46,82;10,88;11,88;3,445;5,81;0,8635;296,8;0,3172;0,899;0,39979;1,977;0,1277;213,85;385,9;2,403
29/01/2022;154;4,042;1,059;0,4128;0,845;0,969;6,91;0,3561;0,3904;0,03035;0,07279;6,283;0,1774;0,06359;34,98;3,009;0,4115;29,08;14,12;0,913;71,89;49,5;10,91;12,46;3,514;5,93;0,8521;298,8;0,3716;0,924;0,40352;2,363;0,1305;216,53;389,3;2,437
30/01/2022;148,9;4,078;1,035;0,4095;0,805;0,9447;6,73;0,3602;0,3769;0,02961;0,07943;6,894;0,1744;0,06193;35,92;3,067;0,402;27,19;14,28;0,903;67,96;53,36;11;12,15;3,443;6,16;0,8342;290;0,383;0,897;0,38289;2,131;0,1275;200,38;377,2;2,481
31/01/2022;157,5;4,108;1,051;0,4358;0,812;0,9499;6,9;0,3724;0,3828;0,02984;0,07963;7,778;0,1801;0,06192;38,93;3,042;0,3991;28,05;14,37;0,92;69,87;52,38;11,41;12,17;3,48;6,26;0,8528;285;0,3762;0,915;0,39317;2,166;0,1305;196,07;374,3;2,508
01/02/2022;163,7;4,228;1,096;0,4318;1,173;0,9663;7,39;0,3672;0,3836;0,03004;0,07846;7,536;0,1838;0,06204;40,03;3,125;0,4119;28,84;14,64;0,982;73,33;53,41;11,26;12,5;3,486;6,24;0,844;287,7;0,3567;0,932;0,40078;2,035;0,1345;208,63;384,2;2,529
02/02/2022;151,2;3,998;1,027;0,4398;1,364;0,9227;6,86;0,3538;0,3697;0,02925;0,07381;7,762;0,1873;0,05989;34,82;3,03;0,3841;26,31;13,75;0,902;67,79;49,06;10,19;11,68;3,376;6,02;0,8091;277,8;0,343;0,883;0,41109;1,89;0,1288;187,39;366,9;2,407
03/02/2022;153;4,136;1,061;0,4595;1,245;0,9357;6,79;0,3485;0,382;0,02917;0,07573;7,737;0,1981;0,06158;34,9;3,09;0,3985;29,67;13,92;0,915;68,44;48,42;10,57;12,18;3,389;6,17;0,8267;281,2;0,3421;0,874;0,42575;2,043;0,1361;192,79;372,3;2,442
04/02/2022;166,8;4,373;1,138;0,4918;1,245;0,9973;7,33;0,3724;0,4311;0,03116;0,08276;7,863;0,2106;0,06617;39,53;3,234;0,4319;31,1;15,09;1,02;77,77;51,35;11,4;13,54;3,836;6,43;0,9005;306,2;0,363;0,978;0,46187;2,143;0,1698;228,71;399,5;2,65
05/02/2022;166,2;4,51;1,125;0,4853;1,2;1,0015;8,22;0,3749;0,425;0,03107;0,0846;8,735;0,2219;0,069;38,55;3,231;0,434;30,73;15,35;1,021;77,01;56,77;11,59;13,85;3,889;6,46;0,9244;320,5;0,3869;0,976;0,46211;2,22;0,1614;257;413,7;2,666
06/02/2022;173,5;4,533;1,143;0,4693;1,222;1,0247;8,96;0,3905;0,4422;0,03207;0,088;8,003;0,2329;0,0711;38,08;3,261;0,4437;31,26;15,59;1,112;78,93;68,2;11,69;14,67;3,959;6,5;0,9419;324,7;0,3776;1,016;0,45507;2,175;0,1633;264,66;419,9;2,722
07/02/2022;182,1;4,576;1,199;0,4819;1,236;1,07;9,59;0,4214;0,45;0,03321;0,08972;7,725;0,2321;0,09141;40,06;3,306;0,4611;31,63;16,79;1,141;83,2;68,38;12,08;14,9;4,064;6,65;0,9682;343,1;0,3871;1,073;0,48346;2,26;0,1673;280,72;433,5;2,821
08/02/2022;183,9;4,578;1,176;0,4753;1,189;1,0235;9,2;0,3991;0,4356;0,0313;0,08594;7,555;0,2233;0,08649;36,71;3,261;0,4604;30,39;16,14;1,085;86,34;66,72;11,87;14,73;3,963;6,95;0,9226;335,5;0,3888;1,045;0,50926;2,248;0,1759;247,61;407,8;2,772
09/02/2022;188;4,801;1,195;0,4791;1,424;1,0363;8,95;0,4169;0,444;0,0312;0,08569;7,866;0,2303;0,08662;40,86;3,347;0,4737;30,93;16,5;1,155;90,05;67,61;12,07;15,12;4,162;7,14;0,9412;345,9;0,3883;1,086;0,5022;2,276;0,2;267,71;422,9;2,819
10/02/2022;175,4;4,61;1,15;0,4748;1,214;0,9813;8,36;0,3975;0,4305;0,03042;0,08273;6,949;0,2204;0,10393;36,01;3,241;0,4478;29,08;16,23;1,195;91,16;63,27;11,33;14,55;3,91;6,86;0,8821;340,7;0,3965;1,029;0,45264;2,064;0,2048;259,87;414,7;2,689
11/02/2022;163,6;4,453;1,079;0,4533;1,094;0,9161;7,68;0,372;0,4049;0,03302;0,07742;6,088;0,2146;0,08678;32,6;3,154;0,4647;26,57;14,97;1,083;81,75;59,03;10,74;13,41;4,252;6,24;0,8254;320,9;0,3609;0,96;0,41385;1,94;0,19;242,96;400;2,574
12/02/2022;162,4;4,786;1,059;0,4369;1,114;0,9187;7,79;0,3769;0,4007;0,0312;0,07642;6,191;0,2104;0,09578;33,24;3,162;0,4281;27,05;15,14;1,073;81,31;59,19;11,24;13,65;4,27;6,4;0,8095;330,5;0,3645;0,942;0,5003;1,907;0,2119;247,68;403,6;2,567
13/02/2022;158,1;4,66;1,042;0,4333;1,051;0,8965;7,32;0,3741;0,3762;0,03006;0,07532;5,757;0,2088;0,08656;32,12;3,139;0,4284;26,18;15,1;1,034;77,91;58,08;10,9;13,71;4,046;6,49;0,8035;333,6;0,3466;0,88;0,49007;1,87;0,1956;239,59;397,9;2,517
14/02/2022;161;4,631;1,049;0,442;1,116;0,8992;7,4;0,3936;0,3836;0,02949;0,07488;5,811;0,2074;0,08673;32,42;3,225;0,4315;27,14;15,4;0,993;81,86;56,83;10,83;13,99;4,206;6,47;0,8056;330,5;0,362;0,909;0,56228;1,805;0,2129;248,18;403,4;2,55
15/02/2022;172,2;4,772;1,107;0,4612;1,204;0,969;8,78;0,4002;0,4125;0,03092;0,08136;6,407;0,2198;0,09282;35,05;3,286;0,4633;28,97;16,2;1,088;92,97;63,29;11,67;15,8;4,636;6,62;0,8594;343,2;0,3791;1,005;0,60374;1,923;0,2287;283,34;432,4;2,717
16/02/2022;170,5;4,803;1,082;0,4546;1,127;0,9779;8,99;0,3936;0,3957;0,03215;0,08099;5,97;0,2157;0,08999;33,64;3,217;0,4553;28,5;15,94;1,11;95,32;63,46;11,18;15,21;4,874;6,52;0,8359;334,3;0,3697;0,983;0,59137;1,848;0,2401;275,92;427,3;2,667
17/02/2022;153;4,567;1,02;0,4267;1,068;0,8972;8,17;0,4311;0,3622;0,02993;0,0739;5,283;0,1984;0,08249;30,09;3,08;0,4169;28,06;14,58;0,975;88,24;56,38;9,93;13,61;4,442;6,03;0,7599;313;0,371;0,894;0,53304;1,689;0,214;235,5;402,4;2,463
18/02/2022;145,5;4,716;0,995;0,4194;0,988;0,8941;7,72;0,4183;0,3589;0,02923;0,07157;5,392;0,1936;0,08107;28,84;3,02;0,4142;26,86;14,47;0,959;83,67;55,53;9,57;13,1;4,702;5,97;0,7511;310;0,3595;0,86;0,54623;1,575;0,1891;229,74;399,2;2,384
19/02/2022;146,2;4,472;0,996;0,4106;0,985;0,8994;7,69;0,3988;0,3555;0,0288;0,0713;5,362;0,1922;0,08065;28,29;2,973;0,4202;26,68;14,1;0,958;85,01;54,83;9,51;13,07;4,924;5,92;0,7591;311,9;0,3536;0,861;0,70542;1,573;0,1902;230,77;399,8;2,383
20/02/2022;137,6;4,211;0,931;0,3949;0,891;0,8451;7,07;0,3602;0,3249;0,02712;0,0673;4,864;0,1848;0,07436;26,1;2,798;0,3789;26,08;12,96;0,887;77,37;52,13;8,8;12,49;4,384;5,7;0,7027;302,6;0,3306;0,796;0,60458;1,415;0,177;202,55;380,6;2,277
21/02/2022;128,6;4,021;0,856;0,3914;0,917;0,7847;6,44;0,3593;0,3033;0,02565;0,05976;4,441;0,1745;0,06803;23,91;2,583;0,3529;23,82;12,55;0,805;70,04;47,39;8,31;11,79;3,78;5,27;0,6445;283,2;0,3014;0,739;0,52043;1,305;0,1589;177,78;356,6;2,162
22/02/2022;134,7;4,152;0,888;0,411;0,943;0,8107;6,83;0,3588;0,3183;0,02664;0,06256;4,813;0,1828;0,07076;26,22;2,693;0,3796;24,81;12,94;0,836;74,42;51,09;8,8;12,45;3,873;5,38;0,6822;293,2;0,3121;0,799;0,504;1,357;0,1741;200;374,3;2,244
23/02/2022;130,6;4,135;0,866;0,4108;0,939;0,785;7,11;0,3567;0,3068;0,02591;0,06008;4,832;0,1782;0,0687;25,82;2,599;0,3646;25,18;12,72;0,786;73,47;48,74;8,22;11,85;3,657;5,27;0,6545;288,3;0,3228;0,779;0,49159;1,295;0,1613;186;365,6;2,167
24/02/2022;125,4;3,945;0,853;0,4174;1,182;0,7772;6,9;0,3372;0,2998;0,02615;0,06052;4,959;0,1736;0,06847;27,61;2,481;0,3636;24,85;12,01;0,772;76,39;48,76;7,74;11,89;3,559;5,03;0,659;300,6;0,2971;0,827;0,46667;1,205;0,1594;157,69;361,2;2,182
25/02/2022;139,5;4,091;0,898;0,4319;1,169;0,8301;7,43;0,3515;0,3222;0,02924;0,0651;5,416;0,1918;0,07338;29,28;2,571;0,3855;27,27;12,87;0,806;80,98;51,16;8,16;12,32;3,674;5,3;0,7026;308,5;0,3068;0,882;0,49087;1,315;0,1703;167,88;375;2,291
26/02/2022;136,6;4,058;0,887;0,4213;1,137;0,8592;7,12;0,3498;0,3168;0,02838;0,06616;5,417;0,2036;0,07301;27,5;2,576;0,3692;29,88;12,9;0,782;81,81;50,4;8,14;12,38;3,591;5,38;0,7027;315,3;0,3032;0,895;0,46996;1,276;0,1634;163,02;373,7;2,3
27/02/2022;131,6;4,06;0,856;0,3928;1,177;0,7978;6,73;0,3912;0,3061;0,02684;0,06308;4,835;0,1902;0,06981;28,88;2,647;0,3499;26,77;12,01;0,733;75,07;47,99;7,92;11,62;3,445;6,32;0,6682;304;0,3005;0,812;0,54708;1,197;0,1522;147,99;360,1;2,177
28/02/2022;145,8;4,565;0,962;0,4303;1,235;0,8681;7,55;0,4009;0,3429;0,02932;0,07185;5,398;0,2062;0,07781;32;3,115;0,401;31,36;14,22;0,821;84,54;54,39;8,66;13,11;3,934;7,55;0,7418;339;0,3279;0,877;0,56515;1,351;0,168;187,22;395,6;2,435
01/03/2022;143,3;4,502;0,963;0,4356;1,246;0,8565;7,9;0,3965;0,3464;0,02883;0,0764;5,651;0,2058;0,07856;33,77;3,071;0,4066;31,14;14,11;0,825;86,89;57,14;9,14;13,31;4,229;8,27;0,7548;328,7;0,3247;0,89;0,5379;1,328;0,1685;199,09;408,7;2,461
02/03/2022;137,7;4,505;0,939;0,421;1,163;0,8199;7,4;0,3871;0,343;0,02828;0,07269;5,253;0,1984;0,07757;31,61;2,98;0,4131;32,24;13,67;0,825;83,36;55,53;9,01;13,03;4,016;7,94;0,7312;320,2;0,3651;0,917;0,50448;1,359;0,1582;198,58;409,3;2,436
03/03/2022;130;4,418;0,903;0,4084;1,177;0,7966;7,23;0,3819;0,3263;0,0275;0,06989;5,092;0,1939;0,07244;31,6;2,882;0,3953;34,04;13,36;0,788;78,5;53,31;8,59;12,37;3,965;7,63;0,7118;315,3;0,3601;0,852;0,48368;1,546;0,1506;190,59;402,6;2,38
04/03/2022;124,2;4,438;0,844;0,3902;1,039;0,7599;6,74;0,3831;0,3032;0,02668;0,06448;4,726;0,1902;0,06941;28,71;2,883;0,3558;30,48;12,41;0,725;75,79;49,79;7,82;11,36;3,719;8,51;0,657;290,4;0,3289;0,78;0,45888;1,346;0,1398;153,69;374,2;2,226
05/03/2022;124,6;4,51;0,864;0,3941;1,061;0,7735;6,87;0,394;0,312;0,02698;0,06636;4,881;0,1927;0,07077;29,22;2,877;0,3662;30,87;13,1;0,754;76,68;51,89;7,81;11,69;3,808;8,2;0,6749;294,2;0,3309;0,821;0,47746;1,336;0,1462;159,41;384,7;2,247
06/03/2022;116,7;4,307;0,823;0,3978;0,98;0,7465;6,4;0,3756;0,2947;0,0261;0,06639;4,595;0,1862;0,06885;28,22;2,732;0,3441;28,15;12,49;0,703;72,51;48,89;7,38;11,15;3,714;7,79;0,6391;282;0,3046;0,775;0,42139;1,212;0,137;151,84;375;2,171
07/03/2022;116,8;4,234;0,793;0,3888;0,976;0,7279;6,15;0,3857;0,2769;0,02497;0,06817;4,42;0,1866;0,06729;29,81;2,706;0,3451;28,29;12,5;0,699;71,69;46,16;7,38;11,02;3,497;7,76;0,6312;273,9;0,3068;0,762;0,45365;1,244;0,1369;155,93;380,6;2,112
08/03/2022;121,6;4,219;0,802;0,3908;1,008;0,7399;6,06;0,4074;0,2743;0,02495;0,07727;4,407;0,1945;0,06957;32,57;2,668;0,3558;27,87;12,75;0,722;73;46,42;7,35;11,35;3,472;7,88;0,6577;284,7;0,3366;0,805;0,41766;1,274;0,1429;157,5;381,4;2,156
09/03/2022;127,6;4,263;0,849;0,4082;1,023;0,7671;6,37;0,4092;0,2802;0,02595;0,07653;4,747;0,2068;0,07165;37,24;2,732;0,3692;30,05;13,11;0,779;77,63;48,65;7,81;11,95;3,731;8;0,6855;307,2;0,3556;0,921;0,42655;1,289;0,1528;170,79;393,2;2,299
10/03/2022;119,2;4,112;0,807;0,3856;0,981;0,7309;6;0,3985;0,2734;0,02573;0,07689;4,521;0,1986;0,06857;31,98;2,591;0,3442;28,03;12,75;0,728;73,93;46,77;7,35;11,33;3,474;7,54;0,6875;289,4;0,4022;0,827;0,40572;1,2;0,1456;145,13;372;2,196
11/03/2022;116,6;4,326;0,788;0,3875;0,957;0,7014;5,81;0,3929;0,2642;0,02468;0,07099;4,366;0,193;0,06615;32;2,741;0,3366;27,47;12,75;0,704;71,22;45,9;7,14;10,92;3,44;7,84;0,6538;287,7;0,3717;0,807;0,38224;1,157;0,1398;145,1;371,9;2,164
12/03/2022;120,4;4,45;0,789;0,3819;0,972;0,7052;5,83;0,3989;0,2659;0,02466;0,07131;4,325;0,1925;0,06658;30,7;2,927;0,3367;27,22;12,69;0,703;70,94;46,6;7,11;10,85;3,377;8,14;0,6627;290,8;0,3566;0,777;0,38641;1,182;0,1331;145,43;372,4;2,147
13/03/2022;115,7;4,823;0,786;0,3745;0,927;0,6807;5,49;0,4119;0,2568;0,02434;0,06737;4,265;0,184;0,06353;30,45;3,576;0,3378;26,24;12,19;0,681;67,94;45,19;6,8;10,57;3,3;8,22;0,6745;279,7;0,3447;0,745;0,37153;1,151;0,1281;136,68;361,4;2,097
14/03/2022;118,4;4,541;0,802;0,3875;0,942;0,7063;5,65;0,4054;0,2637;0,02465;0,06979;4,448;0,1888;0,06634;30,76;3,453;0,3361;26,83;12,7;0,708;68,97;47,84;7,17;11,01;3,364;8,06;0,7201;289,5;0,3598;0,768;0,37379;1,24;0,1344;146,33;373,4;2,184
15/03/2022;122,1;4,452;0,8;0,3754;0,918;0,7159;5,76;0,4015;0,2663;0,02451;0,07187;4,419;0,1897;0,06541;29,99;3,233;0,3487;26,91;12,63;0,709;69,82;46,9;7,1;11,16;3,436;7,92;0,7846;289,3;0,3519;0,771;0,37216;1,199;0,1363;144,8;371,7;2,197
16/03/2022;141,7;4,679;0,838;0,4333;1,187;0,7365;6,16;0,4061;0,2783;0,02524;0,07318;4,711;0,1949;0,07039;33,97;3,572;0,3757;28,96;13,24;0,742;74,08;50,42;7,34;11,52;3,644;8,59;0,8233;299,8;0,3566;0,819;0,39286;1,322;0,1464;156,56;385,4;2,316
17/03/2022;155,6;4,833;0,835;0,407;1,13;0,7418;6,19;0,3993;0,276;0,02503;0,07224;4,546;0,1943;0,06837;33,64;3,389;0,3642;28,16;13,16;0,731;79,4;50,26;7,18;11,45;3,524;8,25;0,8492;296,3;0,3514;0,794;0,38904;1,283;0,1429;161,69;391,8;2,311
18/03/2022;160,1;4,828;0,851;0,4;1,514;0,7548;6,26;0,4136;0,2904;0,02514;0,07313;4,705;0,199;0,07084;33,89;3,346;0,3808;28,61;13,65;0,763;85,71;50,46;7,58;11,85;3,727;8,18;0,8406;305,5;0,352;0,836;0,38506;1,366;0,1463;167;397,2;2,393
19/03/2022;157,2;4,875;0,903;0,4015;1,511;0,7649;6,51;0,4272;0,2963;0,02693;0,07453;4,994;0,2022;0,07199;33,87;3,33;0,3893;28,65;22,55;1,127;89,53;52,05;8,19;12,45;3,806;8,09;0,8409;327,8;0,3599;0,863;0,40838;1,587;0,1556;169,12;399,9;2,409
20/03/2022;152,6;4,965;0,879;0,3992;1,438;0,7414;6,22;0,5104;0,2843;0,02547;0,07528;4,67;0,1974;0,07049;32,41;3,301;0,3872;27,84;17,22;1,05;84,84;49,85;7,73;11,75;3,588;7,97;0,8198;327,4;0,3707;0,847;0,45399;1,469;0,1444;160,99;390,8;2,352
21/03/2022;153,9;4,983;0,917;0,4033;1,516;0,8276;6,33;0,4675;0,2819;0,02616;0,07441;4,821;0,1989;0,07123;32,73;3,313;0,3905;27,93;16,52;1,009;86,25;50,16;7,69;11,96;3,742;8,09;0,8154;334,9;0,3673;0,85;0,41775;1,606;0,1502;165,57;396;2,367
22/03/2022;152,9;5,543;0,975;0,4068;1,716;0,8267;6,55;0,461;0,2834;0,02632;0,07568;4,805;0,2016;0,07248;32,01;4,168;0,4029;28,02;16,19;1,005;83,98;52,42;8,04;11,95;3,806;8,37;0,8124;375,4;0,373;0,91;0,43147;1,581;0,1554;171,49;404,3;2,444
23/03/2022;156;5,456;1,108;0,415;1,627;0,8388;6,91;0,4617;0,2912;0,02679;0,07612;5,049;0,2047;0,07591;32,9;3,807;0,4234;28,25;16,4;1,025;86;58,34;8,71;12,79;4,022;8,26;0,8337;364;0,3716;0,956;0,42369;1,541;0,1611;177,06;408,4;2,49
24/03/2022;168,1;5,478;1,131;0,419;1,698;0,8911;7,16;0,4656;0,3072;0,02692;0,08004;5,221;0,211;0,0838;32,86;3,765;0,4259;29,27;15,83;1,05;87,56;70,3;9,57;12,87;4,134;8,28;0,8585;366,1;0,3789;0,953;0,42579;1,579;0,1608;183,43;414,2;2,593
25/03/2022;162,4;5,992;1,096;0,416;1,649;0,8887;6,88;0,4656;0,31;0,02608;0,07906;5,34;0,2105;0,08029;34,29;3,801;0,4119;28,12;15,87;1,002;83,54;71,53;10,26;12,56;4,025;8,46;0,8341;364,9;0,3731;0,943;0,4376;1,505;0,1568;178,75;410,3;2,556
26/03/2022;163,4;5,974;1,152;0,4274;1,696;0,9116;7,17;0,4745;0,3312;0,0264;0,08552;5,518;0,2201;0,0815;35,2;3,756;0,4301;28,78;15,93;1,035;85,86;66,94;10,86;12,86;4,189;8,41;0,8568;362,1;0,3865;0,998;0,43114;1,516;0,1661;185,61;415,8;2,596
27/03/2022;169,2;6,005;1,184;0,4372;1,769;0,9493;7,65;0,4844;0,3839;0,02784;0,08781;5,58;0,2374;0,08448;37,62;3,779;0,45;29,96;16,1;1,059;89,88;68,26;12,65;13,98;4,561;8,4;0,903;376,6;0,4002;1,058;0,44467;1,597;0,1861;203,93;430,5;2,729
28/03/2022;167,7;6,372;1,17;0,4298;1,753;0,9068;7,37;0,4747;0,3417;0,02703;0,08489;5,288;0,2362;0,07929;37,23;3,85;0,4396;29,38;15,66;1,038;89,58;66,44;11,63;13,83;4,32;8,52;0,872;368,5;0,3925;1,004;0,45444;1,597;0,1797;202,5;430,2;2,716
29/03/2022;222,7;7,21;1,191;0,4346;1,726;0,923;7,62;0,4696;0,3724;0,0273;0,08751;5,417;0,239;0,08596;39,22;4,083;0,4797;30,23;15,95;1,112;92,74;64,35;11,25;14,63;4,531;9,1;0,894;373,3;0,3933;1,065;0,46984;1,685;0,191;208,87;434,2;2,764
30/03/2022;223,2;7,08;1,189;0,4429;2,11;0,9266;7,78;0,4833;0,4164;0,02759;0,09277;5,443;0,2471;0,08833;38,73;3,964;0,4849;30,05;16,51;1,204;95,58;64,39;10,94;16,62;4,897;9,04;0,8996;380,1;0,3931;1,12;0,51067;1,748;0,1988;218,31;442,1;2,757
31/03/2022;207,1;8,197;1,141;0,421;2,105;0,9293;7,52;0,4737;0,4189;0,02693;0,09517;5,136;0,249;0,08516;36,81;3,891;0,4939;28,89;15,66;1,138;97,41;63,46;10,36;15,61;4,89;9,25;0,8669;384,3;0,3861;1,212;0,46634;1,594;0,186;204,76;428,9;2,687
01/04/2022;244,6;8,79;1,165;0,4485;1,851;0,9391;8,43;0,5059;0,57;0,0274;0,09528;5,227;0,2581;0,08862;39,48;3,962;0,5194;29,41;16,37;1,176;96,83;66,15;11,01;16,38;5,122;9,52;0,8945;377,2;0,4279;1,172;0,57428;1,695;0,2001;221,07;447,7;2,735
02/04/2022;238,1;9,057;1,155;0,4397;1,7;0,9068;8,23;0,5076;0,5576;0,02751;0,09671;5,272;0,2752;0,08705;39,16;3,976;0,4971;31,3;16,01;1,154;96,25;65,26;11,29;15,49;5,351;9,74;0,9197;372,5;0,4168;1,213;0,55859;2,044;0,2224;210,65;437,2;2,72
03/04/2022;243;8,603;1,186;0,4651;1,71;0,9353;8,29;0,5281;0,5418;0,02781;0,0975;5,974;0,2624;0,09115;40,88;3,961;0,5224;31,97;16,89;1,451;98,05;66,61;12,05;16,2;5,399;9,56;0,9471;378,6;0,4484;1,266;0,56354;1,894;0,215;224,54;450,4;2,8
04/04/2022;237,9;7,703;1,212;0,4461;1,576;0,8827;7,94;0,5134;0,5793;0,02831;0,09193;5,759;0,2486;0,08989;38,97;4,077;0,4956;30,85;16,08;1,739;96,16;63,79;11,63;16,08;5,171;9,69;0,8906;376,2;0,4342;1,191;0,52361;1,858;0,2197;221,12;447,6;2,775
05/04/2022;221;7,208;1,171;0,464;1,502;0,8345;7,58;0,553;0,4929;0,02735;0,09108;5,618;0,2443;0,0876;36,67;4,075;0,4778;29,29;16;1,51;91,06;61,68;11,78;16,43;5,044;9,46;0,841;365,4;0,4328;1,133;0,5201;1,804;0,2008;218,89;444,7;2,681
06/04/2022;191,3;6,75;1,052;0,4139;1,261;0,7661;6,73;0,4974;0,4245;0,02503;0,07738;4,771;0,2154;0,07801;32,7;3,76;0,406;26,89;15,21;1,285;82,94;53,37;9,89;19,14;4,332;8,83;0,7514;331;0,3867;0,94;0,446;1,562;0,1754;195,4;420,1;2,502
07/04/2022;202,2;6,919;1,089;0,4258;1,339;0,7993;7,05;0,5223;0,4334;0,02535;0,08114;4,909;0,2257;0,08075;34,26;3,867;0,4259;27,66;15;1,281;87,55;54,82;10,12;19,5;4,418;8,82;0,7888;336,1;0,406;1,003;0,47429;1,621;0,1836;211,71;436;2,573
08/04/2022;183,4;6,457;1,024;0,4079;1,269;0,7595;6,53;0,5177;0,397;0,02448;0,07654;4,565;0,2282;0,07271;33,34;3,66;0,4011;26,88;13,97;1,155;83,66;50,7;9,08;20,25;4,053;8,41;0,7408;323;0,3923;0,887;0,48454;1,529;0,1692;198,21;421,5;2,507
09/04/2022;184,8;6,802;1,045;0,4144;1,339;0,788;6,81;0,5625;0,4148;0,02502;0,07894;4,732;0,2275;0,0741;34,28;3,765;0,4239;27,27;14,38;1,206;84,55;51,71;9,51;18,38;4,186;8,47;0,7705;325,9;0,3902;0,935;0,46949;1,581;0,179;202,41;426,6;2,557
10/04/2022;176,3;6,359;1,027;0,412;1,302;0,7503;6,55;0,5642;0,3925;0,02453;0,07591;4,576;0,2203;0,07019;33,94;3,917;0,4114;26,5;14,06;1,128;81,01;49,04;10,1;16,94;3,951;8,72;0,7412;319,8;0,3714;0,888;0,44579;1,494;0,1637;194,49;418,1;2,491
11/04/2022;157,8;5,847;0,92;0,3665;1,117;0,6936;6,12;0,5729;0,348;0,02255;0,06815;4,166;0,2014;0,06445;30,02;3,749;0,3596;23,85;13,04;1,014;74,35;45,16;8,65;15,1;3,595;8,27;0,6874;294,8;0,338;0,795;0,3945;1,319;0,1504;171,78;394,6;2,241
12/04/2022;164,6;5,983;0,955;0,3787;1,132;0,7258;6,45;0,5946;0,3695;0,0232;0,07797;4,352;0,2133;0,06755;31,65;3,789;0,3732;24,64;13,26;1,039;76,31;47,26;9,02;15,1;3,791;8,58;0,7195;305;0,3558;0,843;0,41174;1,362;0,1551;189,96;413,6;2,273
13/04/2022;178,2;6,089;0,974;0,3927;1,254;0,7461;6,54;0,5793;0,4013;0,02335;0,07842;4,448;0,2243;0,06937;31,67;3,794;0,3855;24,7;13,55;1,107;80,2;48,47;8,92;15,72;3,921;8,6;0,7427;341,2;0,3591;0,882;0,41697;1,401;0,1616;199,39;423,4;2,324
14/04/2022;171,9;6,226;0,933;0,3776;1,261;0,7267;6,39;0,5438;0,3826;0,0225;0,07619;4,244;0,2168;0,06659;30,29;3,787;0,376;23,96;14,91;1,186;76,81;46,78;9,24;15,35;3,777;7,5;0,7205;337,6;0,357;0,864;0,39778;1,352;0,1565;189,2;414,7;2,271
15/04/2022;175,9;6,292;0,956;0,3963;1,281;0,7393;6,42;0,5854;0,3753;0,02253;0,07584;4,352;0,2203;0,06819;30,25;3,773;0,3846;24,08;14,15;1,294;77,43;47,92;9,11;15,35;3,737;7,51;0,7242;340,8;0,3604;0,866;0,40387;1,34;0,1603;192;417,3;2,298
16/04/2022;172,4;6,234;0,951;0,3914;1,249;0,7432;6,76;0,5994;0,3759;0,02263;0,07602;4,372;0,2176;0,06822;29,8;3,761;0,3788;24,18;13,65;1,299;77,74;47,42;8,99;15,18;3,753;7,43;0,772;342,8;0,3564;0,857;0,40318;1,347;0,16;191,81;417,3;2,282
17/04/2022;166,7;6,115;0,914;0,3821;1,194;0,7105;6,49;0,6389;0,3552;0,02223;0,07236;4,193;0,2113;0,06618;28,72;3,669;0,3583;23,21;13,3;1,376;75,42;45,48;8,67;14,42;3,552;7,01;0,7225;328,1;0,3396;0,806;0,39502;1,324;0,1531;179,35;406,6;2,233
18/04/2022;169;6,129;0,937;0,382;1,214;0,7365;6,55;0,6332;0,3616;0,02166;0,07473;4,278;0,2147;0,06716;30,35;3,523;0,3665;24,07;13,44;1,37;77,73;46,22;9,01;15,08;3,783;6,7;0,7613;340,3;0,3417;0,855;0,39724;1,317;0,1587;191,05;416,8;2,288
19/04/2022;183;6,045;0,952;0,3874;1,261;0,7589;6,77;0,6396;0,3711;0,02222;0,07697;4,402;0,2201;0,06963;30,97;3,583;0,3833;24,67;13,74;1,323;80,28;47,39;9,26;16,04;3,96;6,71;0,7756;340,5;0,362;0,882;0,4045;1,366;0,1659;197,73;422,3;2,293
20/04/2022;186,2;5,929;0,937;0,3966;1,437;0,7415;6,84;0,6819;0,3906;0,0227;0,07671;4,362;0,2168;0,0705;29,81;3,54;0,3892;24,27;13,96;1,296;78,21;46,19;9,07;15,85;3,944;6,41;0,7625;330,7;0,36;0,877;0,3946;1,455;0,1619;193,53;418,4;2,281
21/04/2022;173,7;5,894;0,91;0,4016;1,201;0,7184;6,53;0,6138;0,3935;0,02444;0,07553;4,215;0,2234;0,06612;28,2;3,476;0,3641;23,3;13,79;1,185;75,02;44,92;8,86;15,25;3,661;6,19;0,7514;315,6;0,3419;0,827;0,38691;1,349;0,156;176,07;404,9;2,23
22/04/2022;176,9;5,914;0,906;0,3776;1,158;0,7191;6,49;0,5981;0,3737;0,02266;0,07651;4,485;0,2262;0,06639;28,41;3,475;0,3641;23,1;13,26;1,175;74,03;45,95;8,64;14,89;3,764;6,16;0,7381;321,1;0,3398;0,841;0,38277;1,319;0,1566;178,2;406,6;2,221
23/04/2022;173,4;5,56;0,886;0,368;1,149;0,7074;6,37;0,616;0,3651;0,02202;0,07471;4,276;0,238;0,06696;27,87;3,362;0,3606;23,21;12,92;1,253;72,83;45,15;8,71;14,81;3,669;6,01;0,7344;312,5;0,3319;0,84;0,38411;1,303;0,1531;172;401,1;2,187
24/04/2022;166,4;5,165;0,886;0,3609;1,082;0,7011;6,37;0,5953;0,3544;0,0217;0,07259;4,198;0,2224;0,06618;26,76;3,201;0,355;22,29;12,71;1,189;71,51;44,37;8,54;14,58;3,603;5,8;0,7223;307,7;0,3204;0,85;0,37773;1,284;0,1489;170,15;398,8;2,186
25/04/2022;168,9;4,946;0,8974;0,3647;1,071;0,703;6,26;0,572;0,3514;0,02164;0,07315;4,129;0,2169;0,06502;27,66;3,116;0,3523;22,13;12,84;1,15;72,88;42,92;9,18;16,12;3,614;5,68;0,7232;314,5;0,315;0,844;0,36703;1,237;0,1466;174,41;404,3;2,21
26/04/2022;158;4,714;0,8259;0,3513;0,985;0,656;5,76;0,5099;0,3206;0,02115;0,06734;3,73;0,2022;0,06008;26,35;2,928;0,3245;20,3;12,13;1,042;68,7;38,78;8,43;14,53;3,315;5,26;0,6565;296;0,2868;0,748;0,33539;1,133;0,1342;157,83;385,9;2,086
27/04/2022;168,4;6,73;0,8401;0,3603;1,011;0,6712;5,95;0,5185;0,33;0,02158;0,07004;3,859;0,2109;0,06243;26,51;3,23;0,337;21,43;12,31;1,107;69,86;38,8;8,67;14,46;3,441;5,72;0,669;307,2;0,2917;0,784;0,34387;1,214;0,1402;164,06;391,3;2,147
28/04/2022;166,1;6,346;0,8432;0,3559;1,021;0,6982;6,24;0,4979;0,3267;0,02084;0,07018;3,862;0,2116;0,06199;26,24;3,105;0,348;20,75;12,15;1,061;67,26;38,05;8,59;14,1;3,51;5,53;0,6591;306,5;0,2845;0,788;0,3508;1,18;0,1406;181,25;407,1;2,154
29/04/2022;157,3;6,514;0,8048;0,3506;0,975;0,6381;5,86;0,4706;0,3001;0,02061;0,06581;3,611;0,2048;0,05761;25,21;2,992;0,3227;19,44;11,92;0,959;63,4;34,35;7,92;13,67;3,248;5,45;0,6296;294,6;0,2693;0,709;0,31353;1,1;0,1294;168,95;393;2,067
30/04/2022;142,3;6,245;0,7556;0,326;0,902;0,5673;4,92;0,3896;0,2643;0,01935;0,05985;3,179;0,1817;0,05139;22,78;2,764;0,2777;17,84;11,23;0,834;56,98;29,05;7,44;12,1;2,959;4,96;0,5692;277,7;0,2496;0,625;0,27633;1,006;0,1196;148,7;377,1;1,987
01/05/2022;146,5;5,683;0,7895;0,3283;0,944;0,6016;5,09;0,4121;0,287;0,01921;0,06364;3,404;0,1834;0,05329;25,11;2,85;0,293;18;11,67;0,884;58,77;31,79;7,75;12,76;3,116;5,02;0,6026;284;0,2571;0,672;0,28414;1,073;0,1281;158,96;389,9;2,009
02/05/2022;144,2;5,716;0,7809;0,3352;0,951;0,6161;4,94;0,4343;0,2803;0,01858;0,06238;3,421;0,1788;0,05297;24,83;2,858;0,2828;17,8;11,34;0,841;60,34;30,19;7,73;12,87;3,042;5,25;0,5863;285;0,2616;0,658;0,27307;1,045;0,127;158,53;389,5;1,995
03/05/2022;141,1;5,398;0,7711;0,3294;0,926;0,671;4,92;0,4257;0,2709;0,01807;0,061;3,282;0,1776;0,05707;24,35;2,804;0,2778;17,57;11,41;0,825;59,63;29,07;7,72;12,83;2,979;5,07;0,5797;279,4;0,2536;0,657;0,27181;1,036;0,1239;154,39;383,9;1,975
04/05/2022;159,5;5,785;0,8985;0,3469;1,006;0,7157;5,4;0,4603;0,3079;0,01937;0,06682;3,583;0,1908;0,05991;26,29;2,994;0,3095;19,92;12,05;0,911;67,27;33,31;8,3;14,54;3,345;5,34;0,6548;300;0,2778;0,717;0,292;1,141;0,1386;169,21;402,6;2,118
05/05/2022;141,4;5,336;0,7884;0,3223;0,91;0,634;4,87;0,4185;0,2734;0,01785;0,06054;3,201;0,1723;0,05336;22,66;2,892;0,2829;17,84;11,1;0,806;59,04;28,95;7,32;13,51;2,941;4,97;0,587;277,3;0,2425;0,639;0,25661;1,033;0,1224;136,98;378,4;1,94
06/05/2022;138,4;5,217;0,7832;0,3109;0,913;0,6973;4,89;0,4257;0,2688;0,01798;0,05855;3,236;0,1691;0,05256;22,22;2,757;0,2801;17,67;10,96;0,799;57;28,44;7,31;13,56;2,926;4,88;0,5792;274,9;0,2398;0,641;0,24682;1,041;0,1242;137,03;379,1;1,922
07/05/2022;132,1;5,315;0,7604;0,3004;0,905;0,7487;4,57;0,4153;0,2549;0,01787;0,05595;3,084;0,1632;0,04948;20,23;2,72;0,2698;16,43;10,44;0,759;55,04;28,6;6,94;13,04;2,787;4,87;0,5546;268;0,233;0,613;0,24417;0,963;0,1185;124,13;365,5;1,866
08/05/2022;125,9;5,034;0,7403;0,2926;0,856;0,7292;4,52;0,4271;0,2541;0,0178;0,05414;2,99;0,1571;0,04849;19,77;2,63;0,2675;15,7;10,03;0,751;51,62;30,49;6,7;12,41;2,734;4,75;0,5466;261,7;0,219;0,614;0,2284;0,916;0,1143;114,26;355,9;1,799
09/05/2022;99,3;4,079;0,6019;0,2708;0,747;0,5746;3,55;0,38;0,2051;0,01332;0,0438;2,388;0,1277;0,03805;17,04;2,203;0,2174;12,51;7,95;0,592;41,2;24,77;5,58;10,32;2,209;4,07;0,4406;217,9;0,179;0,479;0,173;0,729;0,0879;70,36;296,1;1,571
10/05/2022;105,2;4,129;0,6286;0,2734;0,758;0,5852;3,79;0,322;0,22;0,01344;0,04607;2,416;0,1332;0,04113;17,92;2,134;0,2338;13,58;7,88;0,607;44,58;24,22;6,14;11,23;2,243;4,06;0,4665;231,5;0,1749;0,505;0,17331;0,748;0,0933;81,87;319,1;1,625
11/05/2022;82,5;2,623;0,5187;0,2152;0,476;0,4504;2,52;0,2813;0,172;0,01064;0,03344;1,553;0,1014;0,03162;14,84;1,365;0,1518;10,79;4,83;0,399;31,17;18,97;5;9,97;1,815;2,86;0,3754;194,9;0,1126;0,299;0,09219;0,489;0,0636;51,68;271,5;1,428
12/05/2022;77,1;2,677;0,4733;0,2103;0,407;0,4232;2,19;0,3078;0,1581;0,01202;0,03177;1,229;0,0898;0,03035;15,07;1,264;0,1378;9,66;4,65;0,377;30,32;19,02;4,1;8,51;1,521;2,6;0,3575;194,2;0,1079;0,243;0,07913;0,381;0,057;44,86;269;1,353
13/05/2022;82,5;3,487;0,529;0,2304;0,491;0,4435;2,51;0,3121;0,1565;0,01352;0,03547;1,429;0,1022;0,03281;13,75;1,446;0,1495;10,32;4,76;0,412;32,21;20,07;4,29;8,94;1,725;3,09;0,3843;202,4;0,1153;0,283;0,0962;0,487;0,0666;51,37;290,6;1,392
14/05/2022;86,7;3,731;0,5372;0,2291;0,496;0,4635;2,61;0,3039;0,1649;0,01378;0,03912;1,626;0,1109;0,03398;15,5;1,53;0,16;10,79;5,67;0,436;33,93;20,89;4,57;9,38;1,732;3,18;0,4185;208,8;0,1307;0,305;0,09441;0,63;0,0727;55;296,9;1,433
15/05/2022;92,1;3,65;0,5981;0,2378;0,529;0,4906;2,89;0,3242;0,1654;0,01427;0,04027;1,652;0,1183;0,03578;18,84;1,57;0,1674;12,38;6,09;0,507;36,57;23,25;4,94;9,82;1,81;3,26;0,4351;214,9;0,1443;0,328;0,10786;0,704;0,0773;63,25;312,4;1,511
16/05/2022;83,9;3,379;0,5569;0,2237;0,477;0,4603;2,67;0,3036;0,1501;0,01388;0,03801;1,525;0,109;0,0319;15,47;1,504;0,1532;11,07;6,05;0,433;32,56;19,57;5,05;8,59;1,598;3,15;0,3934;197,6;0,1383;0,307;0,1044;0,611;0,0703;55,28;297,2;1,414
17/05/2022;92,6;4,126;0,5778;0,2363;0,594;0,495;3,15;0,324;0,1612;0,01414;0,04111;1,646;0,1167;0,03521;15,68;1,748;0,1664;11,46;6,58;0,467;34,39;21,32;5,29;8,72;1,765;3,61;0,4146;206,9;0,1457;0,342;0,12637;0,622;0,0755;60,53;306,2;1,46
18/05/2022;81,9;4,622;0,5059;0,2192;0,505;0,4334;2,95;0,3052;0,1448;0,01333;0,03559;1,604;0,1052;0,03146;14,25;1,843;0,1445;10,11;5,95;0,408;29,58;21,6;5,02;7,92;1,578;4,01;0,3729;186,9;0,1314;0,296;0,11018;0,676;0,0694;51,65;287,7;1,334
19/05/2022;91,8;5,251;0,5334;0,2575;0,539;0,4516;3,04;0,3242;0,1588;0,01372;0,03793;1,702;0,1109;0,03449;15,49;2,138;0,1591;10,84;6,57;0,438;30,39;21,84;5,64;8,05;1,77;4,06;0,391;196,5;0,1507;0,337;0,11431;0,709;0,0777;57,9;307,1;1,393
20/05/2022;90,2;5,761;0,5162;0,2313;0,517;0,4335;2,86;0,3122;0,1505;0,01309;0,03646;1,733;0,1094;0,03273;14,5;2,144;0,1478;11,2;6,28;0,408;28,8;20,72;5,5;7,71;1,675;4,29;0,3818;190,1;0,1395;0,326;0,1071;0,684;0,076;56,47;302,2;1,356
21/05/2022;91,3;5,564;0,5286;0,2372;0,612;0,435;3;0,3152;0,1588;0,01333;0,03874;2,094;0,1129;0,03369;14,96;2,102;0,1597;11,05;6,38;0,447;29,89;21,04;5,77;7,63;1,755;4,11;0,3888;192,4;0,1399;0,363;0,11839;0,722;0,0812;59,8;312,4;1,357
22/05/2022;94,1;4,312;0,5416;0,235;0,598;0,4427;3,07;0,3213;0,1647;0,0133;0,04085;2,047;0,1224;0,03476;15,7;2,398;0,1608;11,41;6,35;0,465;31,71;21,65;5,97;8,01;1,858;4;0,4072;197,9;0,1446;0,376;0,11575;0,696;0,0803;62,18;319,4;1,413
23/05/2022;99,3;3,79;0,5134;0,2294;0,547;0,4171;2,86;0,322;0,1523;0,01287;0,03861;1,852;0,115;0,03303;14,7;2,618;0,1513;11,14;6,2;0,443;29,06;21,02;5,65;7,43;1,707;4;0,3851;192;0,1376;0,346;0,13785;0,648;0,0712;60,51;317,2;1,364
24/05/2022;106,6;3,68;0,5219;0,2322;0,575;0,4191;2,94;0,3221;0,1753;0,01329;0,03964;2,006;0,1178;0,03772;14,67;2,4;0,1824;11,1;6,6;0,46;29,08;21,3;6;7,57;1,766;4,23;0,395;195,6;0,1448;0,383;0,15591;0,692;0,0792;65,15;328,3;1,374
25/05/2022;102,1;3,812;0,5146;0,2316;0,594;0,4057;2,86;0,3166;0,165;0,0128;0,03833;1,843;0,1162;0,0346;14,56;2,531;0,163;10,74;6,37;0,477;27,25;20,89;5,98;7,5;1,695;4,65;0,3903;190,2;0,1488;0,396;0,14502;0,651;0,078;64,13;325,7;1,333
26/05/2022;101;3,293;0,4789;0,213;0,512;0,3794;2,6;0,301;0,1464;0,01228;0,03584;1,636;0,1111;0,03122;13,88;2,144;0,1453;9,61;6,92;0,406;23,43;19,5;5,85;6,77;1,536;4,14;0,3721;179,4;0,1366;0,339;0,1225;0,618;0,0757;55,09;303;1,265
27/05/2022;92,4;3,347;0,4566;0,2051;0,479;0,3606;2,51;0,2962;0,1395;0,01143;0,03504;1,599;0,1088;0,02959;13,04;2,264;0,1414;9,27;6,11;0,376;22,58;18,26;5,54;6,44;1,439;4,48;0,3597;174,8;0,1325;0,318;0,11542;0,653;0,0733;54,32;301,6;1,221
28/05/2022;95,5;3,322;0,4646;0,2076;0,505;0,3674;2,68;0,3054;0,1409;0,01166;0,03603;1,667;0,1116;0,03045;13,1;2,39;0,1486;9,42;6,42;0,374;24,76;18,57;5,8;6,73;1,505;4,4;0,3683;178,7;0,1357;0,525;0,13962;0,651;0,0763;57,46;307,5;1,249
29/05/2022;95,5;3,332;0,482;0,2142;0,521;0,3788;2,97;0,3101;0,1452;0,01182;0,03675;1,856;0,1147;0,03781;13,35;2,436;0,1617;9,59;6,64;0,397;26,16;18,5;5,79;6,89;1,552;4,44;0,3723;185,2;0,14;0,972;0,13548;0,648;0,0885;56,6;305,8;1,266
30/05/2022;117,4;3,404;0,5698;0,2282;0,555;0,4201;3,236;0,337;0,1634;0,0126;0,03956;2,093;0,1229;0,03883;15,23;2,419;0,1762;10,5;7,21;0,436;27,71;23,99;6,27;7,62;1,811;4,56;0,4028;196,9;0,1509;1,009;0,14412;0,695;0,085;64,63;321,8;1,366
31/05/2022;112,9;3,319;0,6268;0,2287;0,581;0,4113;3,14;0,3439;0,1663;0,01254;0,03891;2,031;0,1215;0,0382;15,27;2,303;0,1805;10,33;7,21;0,463;26,42;23,91;6,08;7,47;1,812;4,36;0,4026;204,6;0,1626;0,859;0,12856;0,865;0,0827;63,85;320,9;1,335
01/06/2022;106,3;3,684;0,5516;0,2119;0,508;0,385;2,816;0,3132;0,1475;0,01202;0,03694;1,819;0,1207;0,03422;13,02;2,546;0,1566;9,34;6,37;0,404;23,68;20,89;5,73;6,75;1,629;4,41;0,3831;186;0,1468;0,735;0,11993;0,726;0,0805;56,89;300,4;1,248
02/06/2022;110,9;3,493;0,5871;0,2162;0,521;0,3947;2,893;0,3147;0,1523;0,01186;0,03943;1,919;0,1271;0,03532;13,26;2,464;0,162;9,63;6,54;0,417;24,63;21,08;5,99;7,01;1,683;4,37;0,4002;189;0,1559;0,723;0,12371;0,746;0,0805;60,33;308,3;1,255
03/06/2022;106,9;3,416;0,56;0,2079;0,497;0,3811;2,83;0,3094;0,1475;0,01143;0,03792;1,814;0,1387;0,03417;12,49;2,733;0,1534;9,19;6,32;0,388;23;19,98;5,77;6,71;1,612;4,32;0,3791;183,1;0,1505;1,068;0,1264;0,708;0,0937;55,28;298,6;1,203
04/06/2022;106,9;3,679;0,5665;0,2124;0,502;0,3883;2,986;0,3112;0,1538;0,01146;0,03818;1,798;0,1335;0,03464;12,81;3,28;0,1526;9,24;6,61;0,406;24,57;20,6;5,86;6,73;1,643;4,56;0,3806;188,8;0,1583;0,855;0,13291;0,693;0,092;56,76;301,3;1,237
05/06/2022;103,7;3,53;0,5674;0,2138;0,506;0,3918;2,818;0,3092;0,1504;0,01144;0,03868;1,812;0,1341;0,03405;12,71;2,923;0,1515;9,17;6,5;0,398;24,18;20,07;5,77;7,43;1,634;4,51;0,3845;179,9;0,1512;0,804;0,12653;0,731;0,1066;55,61;299,1;1,264
06/06/2022;106;3,611;0,6091;0,2236;0,505;0,4128;2,886;0,3137;0,1546;0,01188;0,03999;1,856;0,1323;0,03511;13,12;3,017;0,1577;9,46;6,62;0,418;25,99;20,7;5,95;7,6;1,725;4,97;0,4028;185,6;0,1553;1,053;0,12477;0,719;0,1011;53,77;295,1;1,291
07/06/2022;99,3;3,534;0,6141;0,2196;0,478;0,3989;2,749;0,3191;0,1606;0,01162;0,03914;1,897;0,1306;0,03918;14,08;2,809;0,1649;9,2;6,57;0,422;24,6;19,72;5,82;7,24;1,714;4,75;0,3932;182,1;0,1618;1,805;0,1199;0,7;0,1211;50,32;290,3;1,298
08/06/2022;96,5;3,68;0,6408;0,2221;0,457;0,4165;2,827;0,3323;0,1738;0,01113;0,03827;1,835;0,1259;0,03814;13,86;4,1;0,2289;8,76;6,74;0,44;24,5;19,47;5,52;7,67;1,666;4,94;0,3949;176,8;0,1593;1,246;0,13019;0,669;0,155;49,65;288,5;1,283
09/06/2022;95,9;4,069;0,6323;0,2208;0,456;0,4042;2,864;0,324;0,1572;0,0111;0,03785;1,815;0,1249;0,03838;13,27;3,934;0,2025;8,79;7;0,429;24,41;19,41;5,05;7,48;2,017;4,91;0,3937;175,6;0,1608;1,333;0,13063;0,676;0,1713;50,2;289,9;1,317
10/06/2022;88,2;3,847;0,5744;0,2079;0,421;0,3689;2,656;0,3116;0,1459;0,01096;0,03481;1,707;0,1196;0,03544;12,34;3,786;0,1889;8,11;6,56;0,396;22,08;18,05;4,64;7,13;1,883;4,94;0,364;167,4;0,1496;1,242;0,11717;0,622;0,1671;48,53;286,4;1,199
11/06/2022;77,2;3,46;0,554;0,19;0,394;0,3506;2,397;0,3004;0,1344;0,01048;0,03188;1,495;0,1148;0,03308;11,09;3,162;0,1613;7,55;5,99;0,359;19,9;16,33;4,39;6,22;1,773;4,57;0,3346;156,7;0,1385;1,217;0,10496;0,541;0,1609;40,66;269,9;1,106
12/06/2022;70,3;3,11;0,4904;0,1838;0,341;0,3248;2,169;0,2892;0,1215;0,01007;0,02922;1,393;0,1056;0,03004;10,07;3,294;0,16;7,07;5,09;0,322;17,29;14,44;4,14;5,94;1,417;4,2;0,3072;146;0,134;1,13;0,10664;0,49;0,1381;33,61;254,8;1,005
13/06/2022;59,9;3,092;0,4644;0,1607;0,301;0,3039;2,077;0,1955;0,1094;0,00908;0,02686;1,328;0,0886;0,02918;9,11;3,225;0,1559;6,51;4,58;0,304;16,11;13,48;3,43;4,94;1,321;4,2;0,2869;127,1;0,1175;0,941;0,10135;0,494;0,1126;26,09;223;0,881
14/06/2022;62,1;2,992;0,4831;0,1591;0,296;0,3086;2,054;0,2125;0,1102;0,00977;0,02629;1,339;0,0893;0,02911;8,77;3,264;0,1781;6,36;4,73;0,304;16,55;14,09;3,43;4,7;1,456;4,03;0,2924;125,9;0,1181;0,926;0,10113;0,517;0,111;26,02;223;0,82
15/06/2022;66,6;3,026;0,5348;0,1623;0,316;0,3402;2,374;0,2207;0,1198;0,00979;0,02816;2,034;0,0941;0,03076;9,75;3,264;0,1986;7,33;4,87;0,34;18,31;15,79;3,49;4,9;1,572;4,08;0,3621;127,9;0,1264;0,962;0,10671;0,552;0,1099;27,87;233,6;0,754
16/06/2022;56,6;2,845;0,4762;0,1525;0,28;0,302;2,004;0,1995;0,1053;0,00875;0,02562;1,602;0,0928;0,02751;8,74;3,078;0,1735;6,35;4,33;0,298;15,79;13,63;3,16;4,18;1,349;3,86;0,3223;109,4;0,1146;0,822;0,0983;0,5;0,0887;23,27;210,2;0,593
17/06/2022;57,4;2,92;0,4872;0,1514;0,293;0,3102;2,04;0,2002;0,1085;0,00898;0,02684;1,571;0,0968;0,02818;8,18;3,133;0,1725;6,39;4,79;0,304;15,99;13,9;3,15;4,3;1,372;3,96;0,3378;121,5;0,1208;0,888;0,09985;0,506;0,0892;24,42;215,8;0,561
18/06/2022;49,6;2,82;0,4549;0,1387;0,273;0,2959;2,04;0,1898;0,1011;0,0085;0,02515;1,567;0,0909;0,0268;7,92;2,936;0,155;6,08;4,41;0,282;14,83;12,92;2,89;3,96;1,292;3,86;0,3118;115,5;0,1144;0,788;0,09263;0,506;0,0877;20,82;197;0,481
19/06/2022;54,1;2,88;0,4848;0,1461;0,298;0,3146;2,22;0,195;0,1101;0,00895;0,02776;1,695;0,0968;0,02813;8,63;2,999;0,1728;6,77;4,57;0,306;16,16;13,78;3,08;4,38;1,385;4;0,34;120,6;0,1216;0,817;0,09739;0,54;0,0906;24,19;215,1;0,518
20/06/2022;61,6;2,9;0,4915;0,1467;0,298;0,3186;2,185;0,2066;0,1154;0,00903;0,02926;1,605;0,098;0,02907;9,74;2,967;0,1976;6,82;4,84;0,312;17,1;14,52;3,27;4,5;1,433;3,97;0,3606;118,7;0,1256;0,805;0,09864;0,541;0,0898;24,43;216,5;0,525
21/06/2022;66,4;2,952;0,4813;0,1496;0,296;0,3257;2,309;0,2058;0,1172;0,00909;0,02972;1,673;0,1011;0,0301;9,74;3,182;0,1932;6,95;4,7;0,322;16,9;14,91;3,38;4,64;1,436;3,97;0,3733;119,6;0,1272;0,802;0,09909;0,526;0,0881;25,08;220,1;0,516
22/06/2022;61,9;2,908;0,4594;0,1424;0,292;0,3138;2,326;0,2074;0,1096;0,00951;0,02918;1,667;0,0974;0,02769;9;3,081;0,1836;7,05;4,52;0,338;16,09;14;3,06;4,43;1,369;4,04;0,3646;112,8;0,1212;0,758;0,09481;0,501;0,0823;23,96;214,4;0,486
23/06/2022;68;3,006;0,48;0,15;0,472;0,3361;2,665;0,211;0,1193;0,00929;0,02981;1,728;0,1019;0,03117;9,77;3,107;0,204;8,13;4,9;0,37;18,29;14,72;3,2;4,78;1,436;4,04;0,406;116,4;0,1314;0,994;0,10189;0,535;0,0911;26,7;228,9;0,522
24/06/2022;71;3,174;0,4981;0,1546;0,451;0,3497;2,725;0,2171;0,1281;0,0094;0,03168;1,92;0,1036;0,04033;10,72;3,276;0,2081;8,26;5,35;0,383;20,47;17,12;3,35;5,6;1,508;4,14;0,4348;114,3;0,1339;0,928;0,10749;0,558;0,0955;28,83;240,2;0,541
25/06/2022;70;3,086;0,4984;0,1607;0,452;0,3515;2,799;0,2279;0,1324;0,00936;0,03154;1,873;0,1037;0,04113;10,47;3,241;0,2013;8,67;5,6;0,387;21,36;17,83;3,45;5,56;1,543;4,17;0,4311;115,5;0,1343;0,917;0,10892;0,553;0,1018;28,89;239,7;0,543
26/06/2022;65,5;2,939;0,4899;0,1557;0,418;0,3321;2,596;0,2221;0,1238;0,00911;0,02993;1,687;0,1021;0,04015;9,82;3,114;0,182;8,06;5,31;0,361;19,73;16,17;3,25;5,17;1,436;3,98;0,3943;112,9;0,1301;0,981;0,10253;0,525;0,0905;27,74;233,9;0,529
27/06/2022;65,5;3,003;0,4856;0,1554;0,416;0,3311;2,588;0,2173;0,1243;0,00897;0,03029;1,678;0,1079;0,04091;9,99;3,11;0,1928;7,78;5,39;0,401;19,32;15,91;3,19;5,14;1,449;4,04;0,3884;111,5;0,1326;0,926;0,10329;0,579;0,0919;27,71;233,8;0,511
28/06/2022;60,1;2,859;0,4694;0,1477;0,439;0,3126;2,738;0,2118;0,1165;0,00877;0,02855;1,569;0,104;0,04226;9,2;3,039;0,1755;7,34;5,13;0,368;18,12;15,31;3,1;4,9;1,369;3,93;0,3717;103,3;0,1248;0,989;0,10299;0,532;0,0884;25,67;226,9;0,498
29/06/2022;59,9;2,865;0,4662;0,141;0,474;0,3017;2,58;0,207;0,1146;0,00857;0,02755;1,598;0,0999;0,04495;9,08;2,96;0,1725;7,4;5,67;0,376;17,79;14,39;3,04;4,78;1,365;3,94;0,385;104,6;0,1249;0,898;0,09671;0,533;0,0926;23,21;219,7;0,494
30/06/2022;57;2,814;0,4599;0,1416;0,436;0,3147;2,319;0,201;0,1135;0,01023;0,02761;1,536;0,097;0,04071;9,74;3,01;0,1669;7,57;5,13;0,353;16,99;14,58;3,05;4,55;1,311;3,84;0,3926;103,2;0,1204;0,851;0,09599;0,505;0,0866;22,12;219,6;0,491
01/07/2022;56,4;2,806;0,4487;0,137;0,4;0,3066;2,227;0,2042;0,111;0,00945;0,02717;1,516;0,0989;0,03868;10,76;2,958;0,1618;8,09;5,16;0,339;16,12;14,05;3,03;4,54;1,284;3,79;0,4036;101,5;0,1171;0,843;0,09466;0,491;0,0852;21,63;216,9;0,477
02/07/2022;57,9;2,791;0,4559;0,1434;0,393;0,3076;2,213;0,2092;0,1116;0,00912;0,02776;1,555;0,1026;0,03746;10,18;2,977;0,1627;8,07;5,24;0,341;16,33;13,94;3,09;4,62;1,309;3,86;0,4125;106,6;0,1223;0,875;0,09594;0,492;0,0845;21,94;218,3;0,49
03/07/2022;57,7;2,843;0,4561;0,1423;0,378;0,3096;2,227;0,2069;0,1127;0,00916;0,02769;1,559;0,1028;0,03762;11,64;2,951;0,1631;8,09;5,12;0,341;16,65;14,18;3,03;4,65;1,294;3,88;0,4013;105,7;0,1249;0,841;0,09544;0,478;0,0873;22,05;219,2;0,489
04/07/2022;63,1;2,858;0,4695;0,1542;0,392;0,3196;2,33;0,2154;0,1181;0,0094;0,02836;1,633;0,1058;0,03818;12,11;2,993;0,1664;8,75;5,33;0,346;17,92;14,88;3,19;4,95;1,354;4;0,4062;108,1;0,1279;0,862;0,10038;0,505;0,092;24,23;231,5;0,498
05/07/2022;60,7;2,828;0,4571;0,1498;0,381;0,3078;2,221;0,2536;0,1135;0,00911;0,0276;1,684;0,1028;0,03652;11,96;2,936;0,1693;8,92;5,34;0,332;18,03;14,45;3,18;4,9;1,323;4,06;0,4414;104,1;0,1284;0,839;0,09588;0,488;0,0884;24,07;230,8;0,487
06/07/2022;63;2,83;0,4623;0,2411;0,45;0,3108;2,302;0,2317;0,1166;0,00912;0,02828;1,685;0,1036;0,03716;11,72;2,955;0,1711;8,9;5,62;0,339;19,17;14,82;3,2;4,91;1,349;4,06;0,441;105,9;0,1356;0,849;0,10023;0,505;0,0899;25,42;238,6;0,491
07/07/2022;71,2;2,911;0,4776;0,201;0,426;0,3224;2,423;0,2337;0,122;0,00929;0,02951;1,702;0,1067;0,03952;12,18;3,053;0,1766;9,36;5,95;0,36;20,18;15,33;3,4;5,13;1,422;4,13;0,4524;111,5;0,1389;0,875;0,10338;0,517;0,0925;26,21;241,4;0,507
08/07/2022;71,6;2,878;0,4661;0,1931;0,417;0,3141;2,348;0,2358;0,1203;0,00916;0,02892;1,76;0,107;0,03927;11,33;3,005;0,1752;8,98;5,68;0,348;19,72;14,85;3,3;4,96;1,417;4,09;0,4326;108,6;0,1342;0,845;0,10141;0,517;0,0926;25,88;240,7;0,496
09/07/2022;81,9;2,948;0,478;0,1956;0,419;0,3214;2,394;0,2355;0,1257;0,00914;0,03006;1,751;0,1093;0,04151;11,7;3,034;0,1815;8,98;6;0,362;19,89;15,14;3,42;5,06;1,474;4,13;0,4325;111,3;0,1436;0,859;0,10549;0,52;0,1014;26,34;243,3;0,505
10/07/2022;77,8;2,9;0,4624;0,1742;0,393;0,3101;2,238;0,2308;0,1195;0,00915;0,02855;1,696;0,109;0,03947;11,68;2,995;0,1678;8,79;5,46;0,342;19,16;14,42;3,23;4,65;1,432;4,03;0,4084;106,8;0,1373;0,832;0,09995;0,494;0,0957;24,72;234,7;0,484
11/07/2022;69,9;2,795;0,4347;0,1677;0,386;0,297;2,06;0,2269;0,1063;0,00882;0,02648;1,552;0,1001;0,03584;11,98;2,941;0,1563;8,18;5,37;0,317;17,35;13,48;3,13;4,37;1,325;3,87;0,3749;99,1;0,1312;0,779;0,0934;0,468;0,0848;23,11;225,6;0,453
12/07/2022;68,4;2,747;0,4171;0,1737;0,374;0,2926;2,01;0,2211;0,1037;0,00875;0,02581;1,515;0,0956;0,03481;10,94;2,867;0,151;7,81;5,15;0,303;16,75;12,85;3,02;4,16;1,227;3,81;0,367;97,2;0,1274;0,776;0,08926;0,463;0,0843;22,14;220,6;0,435
13/07/2022;79,7;2,799;0,4383;0,1816;0,39;0,31;2,137;0,2271;0,1086;0,00887;0,02676;1,605;0,0979;0,036;12,82;2,862;0,156;8,211;5,5;0,32;18,83;13,41;3,34;4,37;1,287;3,94;0,3852;102,5;0,2216;0,765;0,097;0,497;0,0877;24,01;230,5;0,461
14/07/2022;91,3;2,795;0,4416;0,1756;0,404;0,3296;2,181;0,2361;0,116;0,00895;0,02706;1,644;0,0991;0,03619;14,34;2,891;0,1619;8,99;5,74;0,326;19,76;13,96;3,57;4,65;1,356;3,99;0,3887;103;0,1926;0,781;0,12129;0,508;0,0888;25,53;238,5;0,468
15/07/2022;90,4;3,831;0,4421;0,1741;0,397;0,3275;2,201;0,2301;0,117;0,00904;0,02724;1,746;0,1008;0,03607;14,03;3,256;0,162;9,058;5,64;0,329;19,35;13,96;3,37;4,8;1,366;4,37;0,3889;106,2;0,1771;0,779;0,11228;0,495;0,0909;25,54;238,5;0,466
16/07/2022;92,9;3,406;0,4578;0,1825;0,408;0,3405;2,234;0,2375;0,1251;0,00906;0,02784;1,77;0,1034;0,03684;15,93;3,112;0,165;9,237;5,83;0,343;21,25;14,37;4;5,22;1,421;4,39;0,3989;109,5;0,202;0,789;0,11419;0,519;0,0927;27,58;249,8;0,494
17/07/2022;88,2;3,223;0,4478;0,1853;0,395;0,3365;2,174;0,2339;0,1264;0,00893;0,02739;1,711;0,1016;0,03622;15,43;3,087;0,1644;8,921;5,98;0,354;20,63;14,52;3,8;5,07;1,382;4,32;0,3834;110,3;0,1816;0,776;0,10626;0,507;0,0915;27,3;247,8;0,478
18/07/2022;96,2;3,316;0,4904;0,1888;0,426;0,3595;2,362;0,246;0,1391;0,00929;0,02916;1,913;0,1085;0,03897;16,47;3,189;0,1813;9,577;6,27;0,396;23,95;16,36;3,89;5,73;1,509;4,43;0,4143;121,4;0,1916;0,817;0,1185;0,553;0,0988;30,49;264,1;0,532
19/07/2022;95,7;3,347;0,5152;0,1893;0,438;0,372;2,443;0,2544;0,1428;0,00946;0,03157;1,888;0,1114;0,03987;15,5;3,197;0,1856;10,519;6,12;0,404;24,72;16,84;4,24;5,68;1,62;4,48;0,43;128,3;0,1913;0,821;0,12413;0,569;0,102;31,47;268,6;0,53
20/07/2022;90,8;3,214;0,491;0,1737;0,399;0,3446;2,454;0,2428;0,1321;0,00934;0,03003;1,756;0,1063;0,03725;13,83;3,11;0,1683;9,68;5,94;0,383;23,59;15,56;3,95;5,34;1,502;4,23;0,3928;121,7;0,1762;0,761;0,11432;0,524;0,0968;29,25;258,2;0,506
21/07/2022;95,4;3,334;0,4993;0,179;0,422;0,3492;2,522;0,246;0,1352;0,00924;0,02999;1,777;0,1077;0,037;14,22;3,223;0,1721;11,051;6,2;0,388;24,99;15,78;3,91;5,68;1,519;4,36;0,4018;123,1;0,1832;0,76;0,12149;0,529;0,0984;30,76;265,6;0,514
22/07/2022;89,6;3,265;0,4828;0,187;0,4;0,3375;2,354;0,2461;0,1298;0,00895;0,02886;1,686;0,1054;0,03598;13,38;3,129;0,1766;10,642;6,09;0,366;23,63;15,36;3,77;5,46;1,5;4,27;0,387;123,3;0,1761;0,742;0,1168;0,584;0,111;30,28;262,4;0,497
23/07/2022;89,4;3,235;0,517;0,1818;0,447;0,3348;2,37;0,2425;0,1334;0,00907;0,02899;1,726;0,1063;0,03611;13,65;3,133;0,1859;10,118;6,19;0,321;23,6;18,21;3,73;5,46;1,575;4,35;0,3874;122,4;0,1768;0,757;0,12214;0,625;0,1005;29,51;259,2;0,507
24/07/2022;90,6;3,263;0,512;0,1792;0,423;0,3402;2,362;0,2519;0,1346;0,00896;0,02885;1,711;0,1066;0,03582;13,31;3,162;0,177;9,976;6,21;0,35;23,79;17,23;3,77;5,69;1,568;4,33;0,3876;131,9;0,1775;0,75;0,1229;0,58;0,1007;29,94;261,4;0,529
25/07/2022;81,3;3,228;0,4752;0,1671;0,429;0,3119;2,171;0,2404;0,1211;0,00842;0,0267;1,585;0,0984;0,03376;12,66;3,091;0,1628;8,98;5,95;0,315;20,92;15,31;3,78;5,02;1,399;4,26;0,3584;118;0,1578;0,693;0,11209;0,526;0,091;26,5;244,6;0,489
26/07/2022;81,1;3,261;0,4677;0,1634;0,415;0,3113;2,206;0,24;0,121;0,00837;0,02692;1,614;0,0984;0,03316;12,3;3,178;0,1627;9,222;5,9;0,317;20,71;15,14;4,11;5,03;1,411;4,36;0,3666;118,9;0,1669;0,678;0,11343;0,538;0,0902;27,5;249,4;0,489
27/07/2022;94,7;3,422;0,5111;0,1735;0,448;0,3288;2,54;0,2502;0,1279;0,00856;0,02875;1,723;0,1049;0,03571;14,46;3,31;0,1719;10,31;6,28;0,336;23,39;16,78;4,3;6,06;1,523;4,6;0,3961;127,4;0,1777;0,728;0,12061;0,577;0,0983;32,07;271,6;0,515
28/07/2022;100,5;3,498;0,513;0,1817;0,467;0,3365;2,778;0,2558;0,138;0,00892;0,03003;1,89;0,1071;0,03852;13,98;3,357;0,2132;10,865;8,23;0,348;24,2;17,15;4,4;6,14;1,751;4,77;0,4085;155,8;0,1804;0,845;0,12806;0,575;0,1042;33,28;277,2;0,546
29/07/2022;95,5;3,803;0,5218;0,1833;0,472;0,3369;2,846;0,27;0,1677;0,00891;0,02976;1,992;0,1059;0,03881;13,52;3,861;0,198;11,169;9,1;0,344;24,49;18,23;5,15;6,16;1,667;5,15;0,4024;151,9;0,1786;0,888;0,1353;0,619;0,101;36,69;293,6;0,56
30/07/2022;95,2;3,684;0,5263;0,1839;0,459;0,3377;2,832;0,2641;0,1559;0,009;0,02982;1,971;0,106;0,03849;14,72;3,749;0,2164;10,705;8,06;0,346;24,23;19,11;4,67;6,36;1,791;5,03;0,405;145,5;0,1875;0,884;0,13278;0,592;0,1051;35,44;287,8;0,571
31/07/2022;97,6;3,71;0,5161;0,1953;0,463;0,3361;2,873;0,2658;0,1516;0,00908;0,03025;1,956;0,1112;0,03854;15,47;3,679;0,2082;10,351;7,75;0,345;23,72;18,04;4,49;6,17;1,679;5,07;0,399;139,3;0,1912;0,861;0,1459;0,625;0,102;34,57;283,4;0,563
01/08/2022;96,6;3,934;0,5124;0,1928;0,472;0,3425;2,929;0,2651;0,1614;0,00844;0,0319;2,031;0,1157;0,04124;14,44;3,849;0,219;10,396;8;0,361;23,57;17,81;4,72;6,3;1,707;5,81;0,4184;137,9;0,1985;0,861;0,13561;0,619;0,106;34,56;283,2;0,556
02/08/2022;93,5;3,985;0,4963;0,1859;0,445;0,3266;2,719;0,3428;0,1623;0,00837;0,03148;1,951;0,1125;0,03954;13,9;3,883;0,2075;9,914;8,12;0,339;22,85;17,21;4,75;5,93;1,635;5,73;0,3971;133,7;0,1871;0,823;0,13139;0,612;0,1005;34,53;283,8;0,541
03/08/2022;94,9;3,978;0,5005;0,1836;0,44;0,3266;2,702;0,2913;0,1626;0,00819;0,03155;1,926;0,1113;0,04116;13,98;3,826;0,2112;10,159;10,77;0,338;23,04;17,19;4,63;5,94;1,689;5,82;0,3955;133,9;0,1872;0,816;0,14473;0,604;0,0982;37,58;297,5;0,545
04/08/2022;96,4;3,83;0,4997;0,183;0,439;0,3363;2,726;0,2835;0,1664;0,00819;0,03218;1,966;0,111;0,04214;14;3,844;0,2187;10,356;9,21;0,346;23,36;17,72;4,6;6,01;1,75;5,54;0,4032;134,3;0,1867;0,846;0,13888;0,597;0,1018;40,69;311,8;0,545
05/08/2022;102,8;3,946;0,5174;0,1963;0,459;0,3586;2,851;0,2839;0,1712;0,00842;0,03356;2,032;0,1162;0,04503;14,69;3,911;0,2217;10,967;10,65;0,369;24,95;18,46;4,76;6,34;1,832;5,7;0,429;142;0,1921;0,875;0,14285;0,671;0,1065;41,51;315,9;0,583
06/08/2022;99,1;3,961;0,5112;0,1921;0,453;0,3491;2,761;0,2771;0,1756;0,00833;0,03277;2,015;0,1138;0,04445;14,87;4,041;0,2256;10,631;10,6;0,365;26,63;17,95;4,7;6,18;1,831;5,75;0,432;141,3;0,1901;0,871;0,13811;0,651;0,1033;41,33;315,2;0,572
07/08/2022;101,3;4,058;0,5276;0,196;0,465;0,3559;2,794;0,2839;0,1751;0,00837;0,03312;2,08;0,1139;0,04401;14,65;4,147;0,2187;11,36;10;0,376;27,9;18,48;4,85;6,15;1,809;5,77;0,4294;141;0,1986;0,871;0,144;0,663;0,1022;43,13;322,8;0,592
08/08/2022;102,4;4,04;0,5371;0,1939;0,466;0,3629;2,9;0,2791;0,1731;0,00836;0,03324;2,102;0,115;0,04537;15,1;4,125;0,224;11,813;10,2;0,381;27,91;18,64;4,86;6,29;1,875;5,71;0,4368;143,6;0,2001;0,898;0,14594;0,666;0,1047;43,69;324,9;0,61
09/08/2022;97,9;3,927;0,5129;0,1899;0,432;0,3453;2,749;0,2718;0,1598;0,00824;0,03152;2,114;0,1108;0,04272;14,38;4,013;0,2079;11,386;10,29;0,361;27,42;17,58;5,01;5,94;1,766;5,51;0,4355;134,7;0,194;0,856;0,13807;0,624;0,0993;43,42;324,4;0,592
10/08/2022;111,1;4,046;0,5374;0,1972;0,456;0,3642;2,859;0,2824;0,1665;0,00836;0,03537;2,239;0,1161;0,04415;15,57;4,079;0,2172;11,973;10,62;0,379;29,18;18,53;5,18;6,43;1,853;5,68;0,4646;142,2;0,2029;0,88;0,14201;0,656;0,1044;44,48;328,8;0,614
11/08/2022;107,5;4,044;0,5303;0,1944;0,458;0,3611;2,858;0,2841;0,1602;0,00833;0,05202;2,172;0,1211;0,04395;14,77;4,034;0,2119;11,754;10,31;0,4;28,53;18,42;4,96;6,33;1,769;5,8;0,4599;142,9;0,2027;0,889;0,14544;0,648;0,1061;43,38;323,6;0,595
12/08/2022;114,7;4,151;0,5402;0,2042;0,475;0,3652;2,939;0,2891;0,1644;0,00836;0,04832;2,181;0,1293;0,0445;14,91;4,176;0,2157;12,05;10,71;0,409;29,34;18,65;4,84;7,2;1,803;6,32;0,4663;143,2;0,2033;0,944;0,14592;0,643;0,1083;44,35;327,9;0,606
13/08/2022;110,5;4,086;0,5593;0,2004;0,461;0,3683;2,882;0,291;0,1605;0,00829;0,04506;2,095;0,1234;0,04421;14,56;4,099;0,2135;11,902;10,47;0,4;29,16;19,25;4,86;7,13;1,825;6,12;0,4586;144,2;0,1966;0,912;0,1466;0,627;0,104;43,27;324,3;0,616
14/08/2022;107,5;4,154;0,5695;0,1902;0,479;0,3639;2,769;0,2872;0,1549;0,00822;0,04853;2,01;0,1246;0,04279;13,88;4,102;0,2059;11,583;10,3;0,377;28,18;18,57;4,63;6,75;1,729;6,12;0,444;139,5;0,1849;0,874;0,14134;0,608;0,0976;42,01;317,6;0,595
15/08/2022;107,1;4,131;0,5499;0,1901;0,449;0,3576;2,735;0,2755;0,1559;0,00822;0,04866;2,006;0,1244;0,04252;13,93;3,991;0,2068;11,4;9,93;0,368;27,88;18,18;4,51;6,78;1,703;6,38;0,4434;137,2;0,1806;0,87;0,13975;0,596;0,0957;42,45;319,5;0,579
16/08/2022;109,8;4,19;0,557;0,1886;0,447;0,3527;2,744;0,2712;0,1532;0,00828;0,05112;1,993;0,1232;0,04261;13,88;4,038;0,205;11,399;10,19;0,367;27,1;17,95;4,45;6,79;1,674;6,29;0,4304;136,4;0,1818;0,87;0,13773;0,589;0,0944;41,74;316,1;0,568
17/08/2022;100,2;4,144;0,5384;0,1813;0,419;0,3405;2,535;0,2602;0,143;0,00791;0,04673;1,863;0,1195;0,04387;13,18;3,89;0,1974;11,745;9,38;0,345;25,55;16,97;4,2;6,52;1,565;6,3;0,411;133,8;0,1791;0,804;0,13192;0,566;0,0853;39,41;306,9;0,541
18/08/2022;94,9;4,646;0,5119;0,1767;0,408;0,3336;2,389;0,2528;0,138;0,00764;0,0444;1,758;0,1175;0,0387;12,62;4,414;0,1821;11,442;8,8;0,328;24,21;16,13;4,05;6,19;1,473;6,95;0,3927;129,1;0,1759;0,741;0,12512;0,54;0,0783;37,63;298,1;0,529
19/08/2022;83,4;4,701;0,45;0,1587;0,359;0,3029;2,163;0,2312;0,1241;0,00702;0,03853;1,643;0,1087;0,03473;11,86;4,972;0,1622;10,753;7,68;0,302;22,44;14,2;3,69;5,59;1,324;6,87;0,3602;114,4;0,1517;0,676;0,1103;0,496;0,0787;33,33;279,1;0,476
20/08/2022;82,8;4,487;0,4508;0,1591;0,37;0,3002;2,151;0,2402;0,125;0,0071;0,03771;1,595;0,1086;0,03957;12,25;5,051;0,1727;10,233;8,14;0,301;22,3;14,12;3,72;5,67;1,298;6,33;0,3575;114,6;0,1608;0,722;0,1127;0,517;0,078;34,24;283,7;0,474
21/08/2022;86;4,479;0,4626;0,1649;0,391;0,3063;2,222;0,2483;0,1297;0,00718;0,03826;1,648;0,1104;0,03773;12,66;5,101;0,1722;10,642;8,2;0,308;22,97;14,45;3,92;6,14;1,354;6,35;0,3688;119,7;0,1679;0,722;0,11626;0,512;0,0798;38,25;301,9;0,491
22/08/2022;88,4;4,978;0,4615;0,1594;0,384;0,303;2,193;0,2452;0,1274;0,00696;0,03711;1,65;0,1084;0,03722;12,19;5,285;0,1683;11,09;7,81;0,304;22,55;14,24;3,87;6,28;1,349;7,03;0,3625;122,7;0,1643;0,704;0,11427;0,503;0,0777;37,82;300;0,491
23/08/2022;89,4;5,224;0,4658;0,163;0,383;0,3075;2,244;0,2538;0,1316;0,00706;0,03754;1,727;0,1117;0,03822;12,45;5,147;0,173;12,122;7,9;0,31;23,5;14,69;3,88;6,47;1,375;7,04;0,3717;133,3;0,1666;0,722;0,11769;0,514;0,0941;37,68;299,3;0,494
24/08/2022;88,5;4,876;0,4578;0,1653;0,373;0,3022;2,266;0,2548;0,1312;0,007;0,0402;1,68;0,1101;0,03776;12,46;4,9;0,1722;13,019;8,06;0,32;23,01;14,56;4,13;6,36;1,365;6,85;0,3678;130,4;0,1675;0,727;0,11673;0,51;0,126;37,18;296,4;0,486
25/08/2022;93,2;4,682;0,4645;0,1641;0,375;0,3071;2,289;0,261;0,134;0,00705;0,04099;1,755;0,1132;0,03876;12,29;4,711;0,1738;12,859;8,07;0,316;22,99;14,73;4,16;6,64;1,385;6,8;0,3729;130,6;0,172;0,734;0,11782;0,511;0,1203;38,2;301,2;0,495
26/08/2022;82,8;4,124;0,4316;0,1544;0,34;0,2828;2,045;0,2502;0,1194;0,00655;0,03704;1,535;0,1041;0,03584;11,12;4,149;0,1604;11,549;7,34;0,283;20,66;13,32;3,78;5,84;1,221;5,97;0,3368;116;0,1737;0,67;0,11205;0,478;0,1199;33,44;279,6;0,449
27/08/2022;82;4,212;0,4499;0,1588;0,347;0,2888;2,018;0,2501;0,1193;0,00662;0,03595;1,589;0,1032;0,03478;10,98;4,23;0,1592;11,171;7,33;0,283;20,03;13,79;3,79;5,96;1,221;6,22;0,3378;115,2;0,1678;0,659;0,11606;0,576;0,1088;33,19;277,9;0,457
28/08/2022;78,6;3,998;0,4293;0,1543;0,326;0,2824;1,946;0,2438;0,1147;0,00642;0,03558;1,513;0,1003;0,03464;10,28;4,096;0,1553;10,567;7,19;0,279;18,53;13,2;3,62;5,7;1,191;5,87;0,3279;112,6;0,1577;0,645;0,10858;0,499;0,1035;32,78;276,5;0,435
29/08/2022;85,8;4,177;0,4504;0,1587;0,35;0,298;2,088;0,2641;0,1258;0,00648;0,03685;1,66;0,1045;0,03648;10,9;4,266;0,1671;11,435;7,77;0,298;19,32;13,84;3,91;6,52;1,264;6,29;0,3469;119,5;0,1668;0,684;0,11346;0,523;0,1106;34,93;285,9;0,461
30/08/2022;84,5;4,099;0,4531;0,1539;0,333;0,2916;2,04;0,2576;0,1216;0,00618;0,03527;1,586;0,1052;0,0354;10,09;4,11;0,1637;11,927;7,97;0,285;19,39;13,86;3,69;6,65;1,239;6,03;0,3371;114,6;0,1613;0,669;0,11132;0,51;0,1019;33,98;281,6;0,447
31/08/2022;84,8;4,337;0,4462;0,1556;0,347;0,2885;2,013;0,2628;0,1219;0,00619;0,03536;1,658;0,1052;0,03517;9,97;4,449;0,1628;11,816;7,66;0,279;19,14;14,14;3,79;7,1;1,277;6,4;0,3354;115,2;0,1591;0,673;0,11217;0,506;0,0992;33,57;279,2;0,459
01/09/2022;86,4;4,31;0,4575;0,1602;0,345;0,2936;2,05;0,2669;0,1227;0,00618;0,03507;1,733;0,1038;0,03536;10,1;4,485;0,1599;12,733;7,62;0,283;19,33;14,02;3,96;7,8;1,292;6,87;0,3401;116,7;0,1694;0,674;0,11268;0,502;0,0983;33,26;278,3;0,469
02/09/2022;88,4;4,42;0,4543;0,1559;0,35;0,3023;2,035;0,2702;0,121;0,00603;0,03434;1,769;0,1037;0,03515;10,02;4,612;0,1528;12,611;7,57;0,28;18,86;14,03;3,99;7,69;1,311;6,91;0,3372;116,3;0,1655;0,668;0,11226;0,498;0,0961;32,94;277,5;0,466
03/09/2022;87,1;4,492;0,4803;0,1567;0,366;0,3032;2,049;0,2687;0,1185;0,00601;0,03445;1,844;0,1034;0,0355;10,14;4,797;0,1538;12,623;7,69;0,286;18,89;15,17;3,84;7,17;1,323;6,85;0,3356;117,8;0,1646;0,669;0,11119;0,501;0,0955;32,94;277,8;0,459
04/09/2022;88,8;4,41;0,5035;0,1584;0,358;0,3126;2,123;0,2855;0,1194;0,00606;0,03577;1,868;0,1038;0,03653;10,25;4,597;0,1571;13,045;7,75;0,295;19,01;14,56;4,24;7,2;1,336;6,73;0,3498;118,3;0,1673;0,687;0,11199;0,505;0,0966;33,46;279,1;0,468
05/09/2022;91,1;4,31;0,4984;0,1565;0,374;0,3045;2,129;0,288;0,1189;0,00599;0,03551;1,931;0,1035;0,03665;10,17;4,501;0,1625;12,633;7,54;0,283;19,44;14,3;4,29;7,37;1,309;6,64;0,3417;125,7;0,1714;0,676;0,10999;0,517;0,0931;32,69;276,9;0,473
06/09/2022;83,6;3,962;0,4625;0,1495;0,432;0,2852;1,941;0,2753;0,1073;0,00551;0,03333;1,911;0,1036;0,03484;9,34;4,174;0,1453;11,779;6,81;0,257;18,21;13,14;4,02;6,77;1,183;6,09;0,3142;112,2;0,1608;0,614;0,09937;0,508;0,0825;28,17;262,5;0,444
07/09/2022;87,5;4,093;0,4787;0,1554;0,42;0,2989;2,038;0,2833;0,1168;0,00558;0,03458;1,848;0,1053;0,03858;9,74;4,366;0,1522;12,929;7,5;0,283;19,01;13,51;4,18;7,1;1,276;6,38;0,3246;118,7;0,1747;0,647;0,10235;0,503;0,0872;33,11;278,9;0,468
08/09/2022;88,2;4,056;0,479;0,1589;0,404;0,3077;2,069;0,2803;0,1181;0,00566;0,03539;1,82;0,11;0,03817;10,02;4,29;0,1551;13,883;7,36;0,281;19,13;13,85;4,22;7,33;1,272;6,34;0,33;126,5;0,1786;0,643;0,10235;0,507;0,0859;33,64;280,5;0,473
09/09/2022;91,2;4,223;0,5022;0,1706;0,415;0,3244;2,188;0,2851;0,1291;0,00583;0,03896;2,048;0,1141;0,03916;10,95;4,322;0,1703;16,128;7,94;0,289;20,38;14,72;4,69;7,56;1,38;6,39;0,3541;132,7;0,1906;0,691;0,10744;0,534;0,0906;37,56;293,4;0,5
10/09/2022;92,7;4,296;0,5121;0,1699;0,419;0,3219;2,21;0,285;0,1288;0,00592;0,03796;1,963;0,114;0,03923;11,07;4,354;0,1673;15,992;7,78;0,287;20,44;14,68;4,87;7,663;1,372;6,46;0,3527;132,6;0,1894;0,68;0,10815;0,526;0,0881;38,54;296,7;0,505
11/09/2022;91,6;4,405;0,5098;0,1722;0,425;0,3266;2,202;0,2879;0,1299;0,0066;0,03799;1,962;0,1183;0,03924;11,29;4,354;0,1676;15,693;7,68;0,282;20,68;14,55;4,74;7,577;1,369;6,57;0,3519;130,3;0,1876;0,676;0,1104;0,514;0,0864;38,1;295,3;0,511
12/09/2022;90,9;4,238;0,5012;0,174;0,408;0,3236;2,172;0,2836;0,1283;0,0062;0,03755;1,93;0,1166;0,03976;10,73;4,285;0,1686;15,528;7,44;0,293;21,38;14,24;4,71;7,123;1,354;6,38;0,3544;129;0,1869;0,672;0,10482;0,514;0,0886;37,66;294,1;0,495
13/09/2022;83;4,082;0,4635;0,1585;0,401;0,2965;2,024;0,2765;0,1165;0,00562;0,03374;1,735;0,1037;0,03596;9,71;4,142;0,1504;13,9;7;0,258;18,87;13,17;4,18;6,488;1,246;6,12;0,3219;117,6;0,1791;0,622;0,10084;0,488;0,0817;32,3;277,4;0,462
14/09/2022;83,7;3,938;0,4809;0,1627;0,378;0,303;2,027;0,2742;0,1185;0,0056;0,0344;1,759;0,1053;0,03657;9,8;4,013;0,1514;13,969;7,07;0,253;19,12;13,32;4,25;6,484;1,256;5,87;0,3265;119,9;0,294;0,628;0,11041;0,486;0,0812;32,98;279,3;0,489
15/09/2022;78,5;3,752;0,4662;0,1597;0,357;0,2949;1,97;0,2755;0,1116;0,00541;0,03282;1,659;0,1021;0,03561;9,75;3,815;0,1444;14,897;6,64;0,242;18,21;12,7;4,08;5,99;1,205;5,59;0,3149;117,6;0,2231;0,593;0,09942;0,458;0,0832;30,45;271,1;0,468
16/09/2022;79,3;3,867;0,4746;0,157;0,346;0,2979;1,996;0,2671;0,1124;0,0053;0,033;1,721;0,1027;0,03522;10,14;3,874;0,1432;16,605;6,65;0,245;18,05;12,83;4,05;5,905;1,237;5,78;0,3208;119,5;0,2067;0,586;0,09848;0,47;0,0838;31,33;274,9;0,463
17/09/2022;81,4;3,989;0,4859;0,1644;0,357;0,311;2,029;0,2727;0,1159;0,00543;0,03454;1,75;0,1041;0,0359;10,19;3,983;0,1483;16,405;7,01;0,251;18,48;13,16;4,2;6,012;1,294;5,91;0,3297;122,1;0,2075;0,617;0,10171;0,481;0,0866;32,27;279,1;0,477
18/09/2022;73;3,699;0,4477;0,157;0,315;0,293;1,81;0,2832;0,1063;0,00501;0,03077;1,621;0,098;0,03323;9,43;3,731;0,1329;14,693;6,15;0,219;16,7;12,04;3,99;5,484;1,165;5,56;0,3035;111,8;0,1919;0,552;0,09406;0,44;0,079;29,7;266,2;0,44
19/09/2022;76,4;3,746;0,4527;0,1586;0,326;0,3171;1,831;0,3031;0,1078;0,00501;0,03132;1,683;0,099;0,03388;9,62;3,728;0,1353;15,62;6,53;0,228;17,28;12,29;4;5,701;1,168;5,75;0,3049;112;0,1932;0,572;0,09354;0,451;0,0808;30,7;271,9;0,446
20/09/2022;74;3,631;0,4422;0,1594;0,311;0,3297;1,787;0,2801;0,1056;0,00487;0,0299;1,661;0,0967;0,03335;9,52;3,561;0,1353;13,919;6,33;0,22;16,65;12,42;3,83;5,322;1,142;5,52;0,2994;112,8;0,1879;0,555;0,09132;0,426;0,0796;28,91;266,3;0,428
21/09/2022;71,6;3,588;0,4389;0,1628;0,306;0,3352;1,674;0,2781;0,1032;0,00486;0,02897;1,606;0,0957;0,03205;9,2;3,59;0,1298;13,39;6,28;0,216;16,55;11,78;3,62;5,159;1,097;5,55;0,2879;108,9;0,1791;0,542;0,09045;0,42;0,0781;28,2;264;0,417
22/09/2022;76,7;3,814;0,4584;0,1656;0,322;0,3699;1,791;0,2862;0,1116;0,00496;0,03063;1,669;0,0995;0,03387;10,08;3,786;0,1392;14,633;6,68;0,227;17,68;12,36;3,78;5,37;1,179;5,93;0,3087;116,5;0,1841;0,576;0,09364;0,435;0,0819;31,84;275,3;0,437
23/09/2022;77,1;4,236;0,4618;0,1632;0,319;0,3991;1,776;0,2824;0,1128;0,005;0,03074;1,649;0,1005;0,03382;10,19;4,117;0,1386;14,223;6,79;0,222;17,97;13,16;3,74;5,359;1,172;6,37;0,3137;120,1;0,1892;0,576;0,09368;0,431;0,0839;32,22;276,7;0,437
24/09/2022;75;3,917;0,4511;0,1626;0,319;0,3853;1,735;0,2796;0,1074;0,00493;0,0301;1,628;0,0997;0,03346;9,74;3,923;0,138;13,635;6,56;0,216;17,6;12,69;3,55;5,331;1,19;6,03;0,3072;117,3;0,1924;0,564;0,09259;0,416;0,0804;31,83;274,4;0,436
25/09/2022;73,6;3,981;0,4464;0,1675;0,335;0,3882;1,688;0,2848;0,1039;0,00478;0,02938;1,597;0,0977;0,0332;9,35;4,058;0,1346;13,976;6,34;0,212;17,32;12,38;3,47;5,215;1,219;6,13;0,3004;113,5;0,1847;0,552;0,09069;0,415;0,0795;31,48;274,3;0,435
26/09/2022;76,2;3,902;0,4473;0,1718;0,327;0,3686;1,721;0,3035;0,1056;0,00488;0,03066;1,651;0,0981;0,03383;9,47;3,87;0,1354;13,913;6,47;0,218;17,57;12,5;3,6;5,357;1,213;5,99;0,3009;116,3;0,1852;0,56;0,09302;0,429;0,0815;32,08;276,1;0,443
27/09/2022;76,6;3,933;0,4411;0,1669;0,318;0,3521;1,68;0,295;0,1071;0,00484;0,0302;1,674;0,0969;0,03352;9,43;3,918;0,1375;13,491;6,5;0,212;17,3;12,33;3,47;5,297;1,209;6,11;0,2982;114,3;0,1841;0,558;0,09315;0,413;0,0813;30,81;272,3;0,448
28/09/2022;76,8;3,863;0,4361;0,1673;0,317;0,3494;1,699;0,2963;0,1112;0,0048;0,0303;1,686;0,0984;0,03353;9,3;3,851;0,1391;12,997;6,49;0,214;17,26;12,5;3,49;5,371;1,218;6;0,3019;114,1;0,1829;0,558;0,09317;0,417;0,0831;33,72;281,6;0,446
29/09/2022;76,9;3,906;0,4381;0,1685;0,324;0,3549;1,708;0,2941;0,1159;0,0048;0,03111;1,665;0,098;0,0337;9,09;3,892;0,1502;12,771;6,45;0,214;17,35;12,73;3,84;5,337;1,229;6,08;0,3071;116,9;0,184;0,565;0,14001;0,428;0,0822;34,58;284,1;0,44
30/09/2022;74,6;3,882;0,4347;0,1693;0,322;0,3535;1,711;0,2999;0,1121;0,00488;0,03049;1,692;0,0971;0,03375;9,35;3,848;0,1668;13,024;6,46;0,214;17,2;12,57;3,67;5,342;1,226;6,03;0,3031;120,1;0,1819;0,593;0,11061;0,417;0,0894;34,93;284,8;0,431
01/10/2022;74,5;3,867;0,43;0,1703;0,318;0,3548;1,71;0,2959;0,1139;0,00488;0,03044;1,676;0,0956;0,03368;9,27;3,844;0,1576;12,682;6,64;0,214;16,95;12,55;3,58;5,255;1,244;6,01;0,2999;117,1;0,1846;0,576;0,10384;0,411;0,0863;34,28;282,9;0,427
02/10/2022;72,6;3,642;0,4194;0,1713;0,315;0,3543;1,661;0,2835;0,1089;0,00482;0,02994;1,607;0,0939;0,03305;9,05;3,691;0,1593;11,992;6,37;0,207;16,53;12,15;3,46;5,017;1,182;5,81;0,2912;114,3;0,1801;0,599;0,10065;0,397;0,0901;34,82;284,7;0,424
03/10/2022;75,5;3,764;0,4276;0,1695;0,321;0,3544;1,762;0,2901;0,1143;0,00503;0,03064;1,677;0,0953;0,03375;9,48;3,74;0,1522;12,855;6,7;0,216;17,14;12,69;3,57;5,141;1,23;5,87;0,3012;116,3;0,1844;0,616;0,10271;0,399;0,0885;35,63;286,9;0,434
04/10/2022;78,9;3,767;0,4355;0,174;0,331;0,3577;1,778;0,3011;0,1169;0,00509;0,03107;1,721;0,0969;0,03437;9,66;3,762;0,1487;13,019;6,72;0,22;17,44;12,98;3,72;5,24;1,249;5,82;0,309;121,1;0,1844;0,604;0,10284;0,412;0,0872;38,75;296,2;0,444
05/10/2022;78,8;3,692;0,4309;0,1744;0,33;0,3538;1,761;0,2984;0,1164;0,00514;0,03094;1,706;0,0962;0,03417;9,53;3,721;0,15;13,005;6,56;0,215;17,39;12,76;3,73;5,188;1,226;5,73;0,3047;122,1;0,184;0,6;0,10262;0,403;0,0858;38,23;294,2;0,44
06/10/2022;77,5;3,738;0,4288;0,17;0,337;0,3491;1,725;0,2939;0,1143;0,00502;0,03075;1,685;0,0963;0,03387;9,13;3,902;0,1505;13,016;6,47;0,209;17,04;12,69;3,65;5,195;1,226;5,71;0,3023;118,4;0,1807;0,593;0,10081;0,397;0,0839;36,63;287;0,439
07/10/2022;75,8;3,707;0,424;0,1671;0,329;0,3416;1,715;0,2929;0,1178;0,00498;0,0304;1,689;0,0961;0,03409;9,02;3,762;0,1558;13,056;6,52;0,206;16,9;12,46;3,58;5,182;1,217;5,65;0,3003;116,7;0,1799;0,587;0,10064;0,395;0,0837;35,56;282,3;0,432
08/10/2022;74,6;3,706;0,4219;0,1643;0,325;0,3348;1,712;0,2899;0,1182;0,00499;0,03031;1,679;0,0998;0,03386;8,86;3,701;0,151;13,148;6,46;0,203;16,79;12,36;3,57;5,189;1,2;5,63;0,2982;116,9;0,1785;0,585;0,09832;0,395;0,0827;34,23;276,4;0,427
09/10/2022;75,5;3,707;0,423;0,1647;0,324;0,3389;1,725;0,2866;0,1206;0,00499;0,03035;1,684;0,0989;0,03412;8,87;3,71;0,1509;13,194;6,61;0,201;16,9;12,43;3,61;5,176;1,216;5,63;0,3011;117,2;0,1772;0,59;0,0978;0,403;0,0838;34,59;278,2;0,433
10/10/2022;73,6;3,324;0,4012;0,1585;0,313;0,3194;1,599;0,2843;0,1156;0,00481;0,02883;1,615;0,0958;0,03287;8,73;3,411;0,1429;12,436;6,23;0,187;16,21;11,93;3,45;4,985;1,119;5,09;0,2883;111,6;0,1703;0,559;0,09556;0,391;0,0797;33,1;271,5;0,442
11/10/2022;71,4;3,254;0,3908;0,1546;0,314;0,3178;1,577;0,2808;0,1119;0,00472;0,02822;1,625;0,0943;0,03242;8,65;3,34;0,1417;12,173;5,83;0,185;15,95;11,54;3,36;4,917;1,116;4,92;0,2842;111,1;0,1638;0,553;0,09319;0,374;0,0781;33,39;271,4;0,427
12/10/2022;71,6;3,141;0,3814;0,1553;0,316;0,3135;1,569;0,2813;0,1113;0,00488;0,02789;1,618;0,0945;0,0325;8,92;3,305;0,143;11,742;5,68;0,186;15,96;11,54;3,41;4,965;1,101;4,67;0,2831;111,7;0,1675;0,549;0,09302;0,372;0,0784;33,25;270,9;0,425
13/10/2022;71;3,097;0,3768;0,1504;0,309;0,3196;1,536;0,2766;0,1095;0,00479;0,02725;1,569;0,0929;0,03188;9,73;3,061;0,1383;11,339;6,13;0,183;15,66;11,09;3,44;4,949;1,069;4,46;0,2986;108,8;0,1589;0,53;0,09028;0,367;0,0759;33,42;271,6;0,42
14/10/2022;72,9;3,062;0,3667;0,1519;0,307;0,3174;1,523;0,2752;0,1085;0,00483;0,02702;1,538;0,0923;0,0316;9,72;3,032;0,1378;11,643;5,75;0,181;15,67;10,82;3,32;4,92;1,054;4,45;0,2907;107,5;0,1602;0,523;0,08852;0,373;0,0754;32,73;269,4;0,415
15/10/2022;71,9;3,058;0,3641;0,1562;0,311;0,3189;1,538;0,2807;0,1184;0,00496;0,02705;1,529;0,0919;0,03839;9,7;3,03;0,1466;11,515;5,58;0,184;15,43;10,81;3,27;4,909;1,081;4,35;0,2827;107,9;0,1638;0,536;0,0957;0,425;0,0763;32,37;268,2;0,419
16/10/2022;75,8;3,165;0,3703;0,1639;0,328;0,3225;1,563;0,2956;0,1093;0,00499;0,02742;1,585;0,0925;0,03525;10,05;3,092;0,1468;11,699;5,87;0,19;15,75;11,05;3,39;5,151;1,078;4,4;0,2869;110,3;0,1753;0,559;0,09072;0,397;0,0782;33,65;272,5;0,425
17/10/2022;78,9;3,168;0,3723;0,1583;0,322;0,3302;1,611;0,2906;0,1128;0,005;0,02829;1,632;0,0956;0,03653;9,95;3,146;0,1467;12,43;5,88;0,193;16,18;11,2;3,46;5,266;1,11;4,44;0,2913;110,6;0,1724;0,563;0,09046;0,392;0,08;34,67;275,6;0,432
18/10/2022;82,5;3,169;0,3624;0,156;0,311;0,3194;1,573;0,2951;0,1097;0,00492;0,03302;1,606;0,0944;0,03508;10,21;3,077;0,1512;12,522;5,7;0,19;15,88;10,94;3,37;5,475;1,1;4,41;0,2853;108,7;0,1687;0,551;0,08781;0,386;0,0791;33,93;273,1;0,432
19/10/2022;82,8;3,043;0,3497;0,1552;0,304;0,3076;1,491;0,285;0,106;0,00483;0,02976;1,585;0,0919;0,03298;9,88;2,987;0,1464;11,753;5,37;0,18;15,06;10,15;3,21;6,045;1,035;4,22;0,2743;105,8;0,1661;0,525;0,08385;0,371;0,0761;33,54;272;0,417
20/10/2022;80,7;2,964;0,3402;0,1578;0,306;0,3066;1,485;0,2881;0,1086;0,00487;0,02895;1,545;0,0915;0,03265;10,13;2,92;0,1494;11,378;5,43;0,18;15,14;9,57;3,24;6,081;1,024;4,19;0,2732;106,5;0,1653;0,522;0,08222;0,373;0,0753;32,61;269;0,413
21/10/2022;82,1;3,038;0,3492;0,1586;0,31;0,3131;1,502;0,2848;0,1097;0,00488;0,02834;1,56;0,092;0,03329;10,48;2,952;0,1522;11,736;5,51;0,181;15,69;9,05;3,28;5,974;1,039;4,2;0,2774;107,1;0,165;0,525;0,08123;0,429;0,0744;32,47;270,1;0,419
22/10/2022;82,2;3,013;0,3513;0,1754;0,309;0,3137;1,497;0,296;0,1083;0,0049;0,02867;1,565;0,0926;0,0331;10,35;2,97;0,1503;11,715;5,57;0,181;15,69;8,98;3,42;6,09;1,042;4,24;0,2765;108,6;0,1739;0,52;0,0836;0,401;0,0749;32,4;270,4;0,422
23/10/2022;88,8;3,046;0,3621;0,1704;0,311;0,3158;1,527;0,2916;0,1134;0,00495;0,02875;1,588;0,0948;0,03347;10,59;2,939;0,1524;12,114;5,74;0,183;16,31;9,02;3,38;6,307;1,065;4,29;0,2832;110,8;0,1705;0,534;0,08312;0,411;0,0768;33,75;276;0,431
24/10/2022;85,1;3,061;0,3573;0,1718;0,314;0,3147;1,495;0,2927;0,1135;0,00481;0,02796;1,625;0,0941;0,03345;10,19;3,026;0,1609;11,65;5,59;0,183;15,75;8,39;3,33;6,1;1,052;4,38;0,2781;107,9;0,1708;0,524;0,082;0,404;0,0748;33,2;274,1;0,425
25/10/2022;81,9;3,18;0,4;0,1716;0,32;0,3312;1,559;0,2948;0,1174;0,00488;0,02846;1,654;0,0964;0,03379;10,52;3,032;0,1592;11,999;5,73;0,19;16,64;9,02;3,46;6,571;1,102;4,45;0,2859;112,7;0,1715;0,533;0,08537;0,415;0,0762;36,55;284,2;0,438
26/10/2022;83,5;3,267;0,403;0,1761;0,321;0,3391;1,603;0,2937;0,1167;0,00489;0,02915;1,73;0,0978;0,03441;10,63;3,051;0,1602;12,278;5,83;0,192;17;9,14;3,5;6,754;1,133;4,37;0,2911;114,4;0,1725;0,544;0,08656;0,407;0,0779;37,88;290,2;0,449
27/10/2022;81,4;3,18;0,3884;0,1699;0,313;0,3258;1,606;0,2881;0,1128;0,00482;0,02866;1,75;0,0955;0,03345;10,25;3,01;0,159;12,655;5,73;0,187;16,88;9,02;3,42;6,709;1,112;4,24;0,2847;112,3;0,1703;0,539;0,0848;0,396;0,0756;37,06;286,7;0,46
28/10/2022;84,1;3,209;0,4044;0,1722;0,32;0,333;1,676;0,2948;0,1157;0,00484;0,02914;1,811;0,097;0,03412;10,2;3,026;0,16;13,53;5,87;0,195;18,33;9,11;3,48;6,715;1,164;4,3;0,2908;115,6;0,1743;0,568;0,08427;0,408;0,076;39,76;297,9;0,475
29/10/2022;85,4;3,195;0,42;0,1724;0,343;0,3396;1,709;0,2918;0,1182;0,00487;0,02971;1,816;0,0994;0,03541;10,13;3,006;0,1638;13,472;6,11;0,199;18,29;9,32;3,48;6,926;1,198;4,26;0,3047;118,4;0,1742;0,569;0,08564;0,411;0,0814;41,12;304,4;0,487
30/10/2022;83,9;3,313;0,4056;0,1711;0,338;0,3592;1,713;0,2896;0,118;0,00489;0,02937;1,816;0,0958;0,03463;10,38;3,139;0,1573;13,92;6,09;0,199;18,26;9,25;3,44;6,74;1,181;4,45;0,2971;116,1;0,171;0,568;0,08532;0,402;0,0799;43,48;313,5;0,482
31/10/2022;83,9;3,297;0,4055;0,1677;0,338;0,3586;1,704;0,2904;0,1181;0,00482;0,02938;1,846;0,0973;0,03484;10,4;3,147;0,1552;14,319;6,04;0,201;19,28;9,22;3,43;6,85;1,182;4,5;0,2966;115;0,1699;0,581;0,08631;0,403;0,079;46,42;325,7;0,475
01/11/2022;84,2;3,275;0,4011;0,1674;0,33;0,3601;1,654;0,2887;0,1156;0,00487;0,02959;1,805;0,0961;0,03465;10,2;3,087;0,1545;14,074;6,03;0,212;18,62;9,11;3,39;6,692;1,158;4,43;0,2956;115;0,1705;0,564;0,08464;0,397;0,0776;46,09;323,9;0,471
02/11/2022;80,5;3,218;0,3856;0,162;0,334;0,3616;1,575;0,2874;0,1113;0,00478;0,02857;1,852;0,0934;0,03376;11,3;3,067;0,1637;13,295;6,02;0,208;17,91;8,66;3,28;6,585;1,135;4,38;0,3073;113,7;0,1613;0,541;0,08135;0,387;0,0741;45,1;320,2;0,457
03/11/2022;83,7;3,191;0,3895;0,1656;0,365;0,3697;1,712;0,2918;0,1354;0,0049;0,02965;1,919;0,0953;0,03642;14,67;3,061;0,1805;13,51;6,43;0,218;18,03;8,77;3,45;6,643;2,595;4,37;0,3237;115,6;0,171;0,606;0,08832;0,424;0,085;47,56;329,5;0,469
04/11/2022;94,6;3,296;0,4216;0,1728;0,371;0,4152;1,807;0,3019;0,1417;0,00518;0,03199;2,072;0,1012;0,03758;15,14;3,204;0,1777;15,035;6,7;0,231;19,38;9,68;3,67;7,094;2,74;4,48;0,3388;124,5;0,175;0,623;0,09277;0,446;0,0876;53,88;354,6;0,507
05/11/2022;96,3;3,384;0,4264;0,1702;0,374;0,4239;1,82;0,3026;0,137;0,00498;0,03118;2,02;0,1002;0,03739;14,99;3,325;0,1721;15,38;6,59;0,241;19,61;10,62;3,81;6,959;2,789;4,66;0,3329;123,7;0,1805;0,609;0,09146;0,437;0,0839;52,73;349,2;0,504
06/11/2022;86,4;3,334;0,4021;0,1751;0,35;0,4025;1,709;0,2983;0,1286;0,00484;0,02933;1,853;0,0973;0,03571;14,18;3,24;0,162;14,443;6,18;0,223;18,23;9,83;3,57;6,667;2,67;5,35;0,3152;116,7;0,1728;0,573;0,08895;0,41;0,0796;49,89;337,9;0,481
07/11/2022;87,3;3,307;0,4041;0,1742;0,344;0,4193;1,723;0,2971;0,128;0,00474;0,02906;1,907;0,097;0,03628;13,6;3,193;0,1634;14,275;6,51;0,216;18,08;9,79;3,57;6,774;2,412;5,3;0,3223;117,9;0,1692;0,573;0,088;0,404;0,0795;49,35;337;0,492
08/11/2022;72,2;2,863;0,3722;0,147;0,291;0,3334;1,433;0,2609;0,1047;0,00427;0,02459;1,723;0,0859;0,03126;11,67;2,697;0,1334;12,146;5,36;0,176;16,02;7,98;3,03;5,681;2,153;4,48;0,2779;103,2;0,1431;0,465;0,07198;0,338;0,0642;46,3;327,4;0,428
09/11/2022;58,1;2,217;0,3175;0,1129;0,211;0,2656;1,062;0,2309;0,0833;0,00356;0,01961;1,656;0,0681;0,02472;8,88;2,087;0,1036;9,791;4,15;0,1428;12,91;6,03;2,5;4,731;1,459;3,53;0,2311;89;0,1064;0,362;0,05835;0,268;0,0533;31,01;267,3;0,357
10/11/2022;68;2,621;0,3687;0,1286;0,257;0,3209;1,266;0,2472;0,0978;0,00398;0,02305;1,826;0,077;0,02899;10,55;2,449;0,1232;12,17;4,77;0,1662;15,42;7,35;2,87;5,523;2,408;4,13;0,2689;102,7;0,1259;0,427;0,06805;0,311;0,0621;39,68;304;0,397
11/11/2022;64;2,539;0,3556;0,1245;0,247;0,3029;1,212;0,2326;0,0927;0,00387;0,02177;1,976;0,0738;0,02789;9,66;2,427;0,1199;11,672;4,61;0,1605;14,13;6,99;2,59;5,553;2,256;4,08;0,2556;103,1;0,1177;0,417;0,06436;0,29;0,0605;36,54;290,4;0,387
12/11/2022;58,1;2,39;0,3397;0,1228;0,246;0,2739;1,143;0,2346;0,087;0,00374;0,02067;1,773;0,0701;0,02633;9,01;2,306;0,1128;10,951;4,4;0,1506;13,09;6,52;2,52;5,347;2,221;3,94;0,2367;102,7;0,1186;0,396;0,06305;0,32;0,0568;34,79;282,8;0,368
13/11/2022;56,6;2,422;0,3298;0,1197;0,24;0,262;1,158;0,23;0,0863;0,0036;0,02031;1,809;0,0661;0,02607;8,66;2,251;0,1197;10,19;4,46;0,1474;13,02;7,03;2,46;5,307;1,993;3,86;0,2228;99,6;0,1154;0,393;0,06188;0,305;0,0565;33,53;276,4;0,355
14/11/2022;59,2;2,449;0,3323;0,1271;0,234;0,2616;1,201;0,2264;0,0897;0,00359;0,02131;1,906;0,0655;0,02633;9,08;2,302;0,1098;10,329;4,46;0,1477;13,14;7,27;2,49;5,462;1,959;3,95;0,2257;103,9;0,1161;0,404;0,06382;0,302;0,0585;34,29;279;0,363
15/11/2022;61;2,694;0,3373;0,1238;0,254;0,2814;1,218;0,2298;0,0906;0,00364;0,02176;1,87;0,0678;0,02698;9,44;2,644;0,109;10,556;4,54;0,1502;13,51;7,21;2,51;5,484;1,936;4,36;0,2306;103,9;0,1212;0,412;0,06404;0,314;0,0602;33,75;277;0,369
16/11/2022;58,4;2,718;0,332;0,1227;0,244;0,2758;1,19;0,227;0,0882;0,00367;0,02119;1,971;0,0682;0,02639;9,43;2,744;0,1054;10,152;4,55;0,1467;13,07;7,07;2,48;5,224;1,995;4,1;0,2251;104,4;0,1232;0,405;0,06337;0,303;0,0589;32,5;271,8;0,357
17/11/2022;58,5;2,777;0,325;0,1201;0,24;0,2677;1,183;0,2249;0,0882;0,00369;0,02103;2,016;0,0685;0,02666;9,91;2,769;0,1021;9,918;4,55;0,1476;12,87;7,18;2,49;5,472;2,001;4,17;0,2215;103,9;0,1203;0,397;0,06546;0,298;0,0572;31,61;267,9;0,362
18/11/2022;58,4;3,022;0,326;0,1226;0,241;0,2982;1,199;0,225;0,0865;0,00364;0,02127;2,182;0,0698;0,02678;10,23;2,899;0,101;9,972;4,59;0,1477;13;7,2;2,48;5,561;1,953;4,34;0,224;104,8;0,1209;0,401;0,0648;0,287;0,0581;33,17;274,1;0,358
19/11/2022;58,7;2,801;0,328;0,1228;0,241;0,2982;1,222;0,225;0,0877;0,00367;0,02205;2,102;0,0749;0,02717;10,43;2,759;0,1009;9,995;4,6;0,1508;12,89;7,14;2,5;5,553;1,891;4,15;0,2297;104,9;0,1188;0,409;0,06377;0,281;0,0585;32,63;272,6;0,364
20/11/2022;56,1;2,528;0,312;0,1202;0,245;0,2563;1,139;0,2227;0,0831;0,00354;0,02054;1,78;0,07;0,02586;9,46;2,491;0,0977;9,354;4,44;0,1422;12,19;6,56;2,46;5,35;1,666;3,68;0,2188;104,8;0,118;0,385;0,06571;0,28;0,0565;30,88;264,2;0,342
21/11/2022;55,9;2,416;0,3046;0,1198;0,238;0,2447;1,114;0,2143;0,0837;0,00333;0,02092;1,842;0,0677;0,02535;9,14;2,383;0,1034;9,011;4,65;0,1418;11,82;6,27;2,51;5,129;1,686;3,66;0,2194;103,4;0,1225;0,404;0,07915;0,272;0,0569;28,55;253,9;0,338
22/11/2022;57,5;2,478;0,3126;0,1225;0,243;0,2414;1,171;0,2241;0,086;0,00341;0,02178;1,873;0,0709;0,02646;9,11;2,421;0,1036;9,547;4,81;0,149;12,36;6,85;2,64;5,35;1,664;3,67;0,2243;109,4;0,1275;0,438;0,07446;0,279;0,0608;31,15;266,7;0,35
23/11/2022;58,5;2,526;0,3185;0,1286;0,257;0,2473;1,229;0,2375;0,0898;0,00356;0,0228;1,9;0,0748;0,02744;9,49;2,458;0,1096;9,933;4,88;0,1568;13,06;6,95;2,67;5,47;1,683;3,7;0,232;115;0,1285;0,437;0,08101;0,292;0,0617;38,17;298,8;0,365
24/11/2022;58,2;2,486;0,3163;0,1265;0,251;0,2424;1,234;0,2387;0,0889;0,00349;0,0234;1,878;0,0784;0,02739;9,14;2,411;0,1079;10,153;4,96;0,1568;12,95;6,78;2,77;6,142;1,718;3,64;0,2304;115,9;0,1278;0,433;0,08343;0,293;0,0608;38,77;300,2;0,365
25/11/2022;59,2;2,618;0,3146;0,1264;0,256;0,2437;1,231;0,2362;0,0908;0,00338;0,02272;1,809;0,0799;0,02712;9,28;3,392;0,1069;10,025;4,8;0,1531;12,82;6,65;2,62;5,989;1,735;3,73;0,2283;113,8;0,1179;0,433;0,11149;0,288;0,0613;38,99;300,8;0,367
26/11/2022;61,8;2,586;0,3138;0,1275;0,254;0,2409;1,239;0,2414;0,0899;0,00346;0,02262;1,797;0,0776;0,02769;9,23;2,578;0,1075;10,111;4,78;0,1534;12,78;6,65;2,7;6,001;1,868;3,66;0,2269;112,5;0,1198;0,437;0,1062;0,289;0,0611;41,62;311,4;0,372
27/11/2022;61,5;2,511;0,3126;0,1285;0,263;0,2403;1,241;0,2389;0,0886;0,00346;0,02218;1,793;0,0755;0,02756;9,19;2,502;0,1123;9,925;4,75;0,1559;12,86;6,67;2,65;5,968;1,852;3,63;0,2278;111,2;0,1187;0,43;0,09084;0,288;0,0613;40,82;307,6;0,367
28/11/2022;60,2;2,485;0,3066;0,1326;0,256;0,2359;1,237;0,2372;0,0865;0,00339;0,02159;1,857;0,0742;0,02742;9,14;3,175;0,1074;9,862;4,92;0,1496;12,45;6,57;2,56;5,72;1,942;3,58;0,2236;110;0,1182;0,443;0,10154;0,284;0,0623;37,78;293,5;0,365
29/11/2022;61,6;2,641;0,3092;0,1305;0,267;0,2408;1,225;0,2439;0,089;0,00342;0,02185;1,881;0,0753;0,02763;9,11;2,746;0,1123;10,181;5,02;0,1506;12,47;6,77;2,68;5,898;1,823;3,61;0,2254;111;0,1306;0,443;0,0935;0,299;0,0638;38,33;295,4;0,375
30/11/2022;65,3;2,644;0,3187;0,1394;0,292;0,2477;1,312;0,259;0,0917;0,00352;0,02284;1,955;0,0775;0,02881;9,7;2,782;0,1165;10,494;5,18;0,1604;13,15;7,02;2,79;6,167;1,953;3,66;0,2378;113,5;0,128;0,464;0,09688;0,316;0,0654;39,61;300,6;0,389
01/12/2022;63,6;2,646;0,3145;0,1342;0,276;0,2409;1,332;0,2611;0,0894;0,00352;0,02235;1,967;0,0796;0,02793;9,4;2,701;0,1134;10,268;5,16;0,1593;12,9;6,84;2,72;6,254;2,176;3,71;0,2316;110,3;0,128;0,465;0,08976;0,308;0,0646;37,85;292,3;0,38
02/12/2022;65,7;2,697;0,3191;0,1391;0,278;0,2441;1,355;0,2594;0,0938;0,00354;0,02205;1,947;0,0784;0,02883;9,56;2,755;0,1211;10,366;5,23;0,1645;13,58;7,04;2,72;6,298;2,14;3,84;0,2368;112;0,1235;0,475;0,08962;0,315;0,066;38,26;293,4;0,386
03/12/2022;62,8;2,625;0,3196;0,1354;0,272;0,2375;1,313;0,2787;0,0905;0,00348;0,02151;1,982;0,0764;0,02806;9,18;2,72;0,1138;10,021;5,05;0,1583;13,4;6,73;2,66;6,013;2,143;3,71;0,2288;109,7;0,1199;0,46;0,08538;0,306;0,0647;37,34;290,4;0,376
04/12/2022;64,4;2,629;0,3221;0,1376;0,275;0,2393;1,354;0,2716;0,0917;0,0035;0,02169;2,16;0,0775;0,02872;9,29;2,783;0,1184;10,255;5,17;0,1654;13,93;6,88;2,7;6,14;2,135;3,77;0,2329;111;0,122;0,463;0,08543;0,315;0,0652;37,88;291,8;0,383
05/12/2022;64,4;2,63;0,3193;0,1376;0,322;0,2364;1,375;0,283;0,0899;0,0035;0,02148;2,15;0,0774;0,02833;9,37;2,719;0,1168;10,264;5,32;0,1599;13,6;8,79;2,67;6,469;2,025;3,69;0,2312;110,4;0,1198;0,466;0,08294;0,312;0,0651;37,05;288,4;0,381
06/12/2022;64;2,623;0,3183;0,1381;0,322;0,2339;1,348;0,2797;0,0905;0,00354;0,02167;2,171;0,078;0,02868;9,49;2,755;0,1158;10,166;5,27;0,1609;13,67;8,76;2,71;6,146;2,032;3,7;0,2328;112,1;0,12;0,472;0,08872;0,309;0,0659;37,4;290,2;0,384
07/12/2022;61,4;2,567;0,3102;0,1321;0,301;0,221;1,27;0,2697;0,0865;0,00338;0,02075;2,257;0,0737;0,02744;8,96;2,686;0,11;9,617;5,08;0,1519;13,28;8,45;2,61;5,872;1,943;3,59;0,2223;109,1;0,1151;0,461;0,08439;0,292;0,0622;36;284,2;0,37
08/12/2022;62,8;2,573;0,3145;0,1349;0,34;0,2244;1,312;0,2741;0,0886;0,00347;0,02109;2,153;0,076;0,02837;9,17;2,702;0,1105;9,833;5,08;0,1545;13,42;8,27;2,64;6,053;2,093;3,61;0,2268;111,9;0,1199;0,461;0,08418;0,298;0,0636;37,42;290,4;0,378
09/12/2022;61,5;2,592;0,3118;0,1382;0,33;0,2258;1,303;0,2766;0,0895;0,00345;0,021;2,256;0,0782;0,02875;8,97;2,719;0,1134;9,758;5,12;0,1538;13,46;8,01;2,61;5,937;2,049;3,6;0,2246;109,9;0,1254;0,461;0,08246;0,295;0,0638;36,46;286;0,377
10/12/2022;61,4;2,576;0,3126;0,1421;0,312;0,2268;1,315;0,2676;0,0917;0,00346;0,0215;2,348;0,0801;0,02908;8,91;2,693;0,1131;9,945;5,17;0,1542;13,49;8,29;2,62;5,916;2,03;3,62;0,2271;109,1;0,118;0,467;0,08241;0,301;0,0644;36,76;288,2;0,378
11/12/2022;59,6;2,501;0,3074;0,1374;0,308;0,2225;1,284;0,2663;0,0914;0,00343;0,02105;2,363;0,0763;0,02876;8,67;2,621;0,1089;9,534;5,1;0,1495;12,98;8,05;2,58;5,893;1,943;3,45;0,2241;106,3;0,1184;0,459;0,07875;0,308;0,0626;36,09;284,4;0,377
12/12/2022;60,1;2,456;0,3069;0,1392;0,299;0,2184;1,266;0,2598;0,0947;0,00336;0,02066;2,187;0,0746;0,02894;8,75;2,556;0,1153;9,622;5,19;0,1489;13;7,72;2,55;5,949;1,96;3,43;0,2223;106,3;0,1228;0,459;0,07566;0,336;0,0611;34,13;276,1;0,372
13/12/2022;62;2,444;0,3142;0,1349;0,294;0,2239;1,286;0,2558;0,0946;0,0034;0,02111;2,205;0,0756;0,02933;8,88;2,583;0,1143;9,754;5,11;0,1535;13,76;7,7;2,6;6,12;1,936;3,42;0,2267;110,4;0,1291;0,472;0,07591;0,321;0,0631;33;272,2;0,375
14/12/2022;62,6;2,532;0,3079;0,1327;0,289;0,2207;1,294;0,2555;0,0925;0,00334;0,02086;2,108;0,0753;0,02932;8,74;2,708;0,1129;9,591;5,05;0,151;13,71;7,74;2,56;6,147;1,94;3,58;0,2236;109,1;0,1232;0,466;0,07237;0,314;0,063;32,18;267,7;0,37
15/12/2022;60,9;2,434;0,3003;0,1308;0,289;0,2102;1,269;0,2468;0,0933;0,00328;0,0204;2,144;0,0726;0,02935;8,32;2,56;0,1125;9,426;4,74;0,1455;13,17;7,48;2,48;5,912;1,903;3,51;0,2162;107,2;0,1203;0,466;0,07088;0,298;0,0625;30,31;258,8;0,361
16/12/2022;54,8;2,261;0,2632;0,1172;0,247;0,1849;1,096;0,2425;0,0802;0,00309;0,01841;1,825;0,0671;0,02601;7,39;2,398;0,0993;8,587;4,12;0,1299;11,84;6,66;2,27;5,421;1,687;3,44;0,1913;100,1;0,1179;0,413;0,06375;0,263;0,0537;24,46;231,2;0,336
17/12/2022;55,5;2,334;0,2672;0,1209;0,264;0,1945;1,122;0,2529;0,0821;0,00349;0,01835;1,865;0,0667;0,02603;7,81;2,462;0,1022;8,803;4,37;0,1316;11,95;6,95;2,31;5,545;1,744;3,44;0,1914;103,1;0,125;0,42;0,07002;0,274;0,0544;27,53;242,1;0,344
18/12/2022;55,8;2,327;0,2659;0,1188;0,256;0,1881;1,119;0,252;0,0812;0,00324;0,01816;1,856;0,0683;0,0261;7,71;2,424;0,1008;8,857;4,21;0,1307;11,93;6,84;2,3;5,493;1,728;3,54;0,1891;102;0,1211;0,42;0,0673;0,265;0,0536;29,32;251;0,346
19/12/2022;53,7;2,227;0,2529;0,1158;0,25;0,1742;1,064;0,2507;0,0772;0,00305;0,01689;1,801;0,0641;0,02496;7,29;2,288;0,0941;8,644;3,99;0,1244;11,39;6,55;2,21;5,259;1,605;3,35;0,1798;98,4;0,1163;0,391;0,06314;0,267;0,0513;27,35;240,4;0,337
20/12/2022;55,7;2,326;0,2587;0,1212;0,27;0,1787;1,112;0,2587;0,0804;0,00324;0,01791;1,937;0,0677;0,02623;7,35;2,396;0,0981;8,951;4,18;0,1295;11,95;6,96;2,29;5,493;1,68;3,47;0,1888;101,7;0,1188;0,41;0,06583;0,271;0,0541;29,64;251,4;0,35
21/12/2022;56;2,311;0,2534;0,1228;0,279;0,1706;1,085;0,257;0,0777;0,00313;0,01756;1,972;0,0683;0,02591;7,1;2,404;0,0938;8,864;4,1;0,1292;11,71;6,84;2,25;5,575;1,608;3,5;0,1882;100,3;0,1169;0,4;0,06369;0,264;0,0528;28,51;246,2;0,344
22/12/2022;55,7;2,307;0,2566;0,1219;0,277;0,1719;1,092;0,2529;0,0796;0,00315;0,01755;2,007;0,0699;0,02621;6,96;2,378;0,0959;8,99;4,04;0,1307;11,85;7,05;2,2;5,552;1,613;3,51;0,1899;101,4;0,1201;0,404;0,06965;0,267;0,0522;28,52;245,8;0,347
23/12/2022;54,6;2,34;0,2594;0,1215;0,275;0,1698;1,104;0,2502;0,0801;0,00312;0,01769;2,099;0,0693;0,02622;6,55;2,406;0,096;8,913;4,12;0,131;11,79;7,08;2,18;5,531;1,574;3,49;0,1893;102;0,1181;0,404;0,0663;0,267;0,0519;28,54;246,2;0,344
24/12/2022;54,4;2,365;0,2592;0,1225;0,281;0,1677;1,087;0,2509;0,0803;0,00329;0,01756;2,101;0,071;0,02617;6,29;2,412;0,0947;8,962;4,14;0,1311;11,67;6,99;2,21;5,541;1,55;3,55;0,189;101,7;0,1168;0,403;0,06753;0,27;0,0524;28,16;244,5;0,343
25/12/2022;54,4;2,339;0,2591;0,1197;0,269;0,1655;1,073;0,2533;0,0797;0,00319;0,01719;2,112;0,0723;0,02633;6,33;2,398;0,0956;9,01;4,06;0,13;11,68;6,9;2,16;5,451;1,488;3,57;0,1861;101,4;0,1109;0,398;0,06825;0,267;0,0525;28,06;243,2;0,34
26/12/2022;56;2,346;0,2652;0,1212;0,27;0,1715;1,091;0,2529;0,0801;0,00318;0,01701;2,181;0,0757;0,02663;6,66;2,396;0,0981;9,183;4,19;0,1301;11,71;6,89;2,16;5,606;1,494;3,59;0,1869;103,4;0,1167;0,405;0,0705;0,284;0,0534;28,24;244,3;0,343
27/12/2022;57,5;2,345;0,2603;0,1182;0,264;0,1701;1,093;0,2504;0,0786;0,00312;0,01651;2,138;0,073;0,02633;6,71;2,362;0,095;9,215;4,12;0,1316;11,64;6,71;2,14;5,538;1,442;3,59;0,1788;101,7;0,1164;0,401;0,06771;0,274;0,0531;28,76;246,7;0,339
28/12/2022;53,8;2,288;0,2482;0,1143;0,259;0,167;1,058;0,2477;0,0762;0,00309;0,01529;2,203;0,0684;0,02552;6,41;2,331;0,0907;9,134;3,9;0,1286;11,21;6,29;2,08;5,243;1,354;3,49;0,168;99,2;0,1107;0,386;0,06701;0,264;0,0523;28,27;244,5;0,329
29/12/2022;54,5;2,308;0,244;0,115;0,265;0,1648;1,049;0,2454;0,0749;0,00306;0,01503;2,21;0,0672;0,02573;6,45;2,359;0,0912;9,33;3,95;0,129;10,98;6,17;2,11;5,3;1,43;3,51;0,1657;98,4;0,1114;0,386;0,06616;0,266;0,0515;28,74;246,3;0,33
30/12/2022;52,4;2,291;0,2458;0,1109;0,263;0,1691;1,05;0,2426;0,0705;0,00305;0,01529;2,189;0,065;0,0257;6,22;2,342;0,0903;9,382;3,9;0,1258;10,87;5,98;2,12;5,222;1,427;3,51;0,1654;96,8;0,1103;0,387;0,06665;0,275;0,0496;28,55;245,8;0,325
